condition_id,trial_id,n_anchors,gauge,dof,sigma_r_mm,sigma_deploy_mm,sigma_v_mm,rmse_anchor_abs_mm,rmse_anchor_abs_h_mm,rmse_anchor_abs_v_mm,rmse_anchor_shape_mm,rmse_anchor_shape_h_mm,rmse_anchor_shape_v_mm,converged,rigidity_ok,iterations,rigidity_min_singular,rigidity_cond,rms_residual_mm,compute_time_s,r_max_mm
0,0,8,known,3,30.0,300.0,150.0,1506.7066934313245,34.77891347663727,1506.3052437033273,920.872108673409,20.726924647205994,920.6388190421256,1.0,1.0,27.0,855.8209879477552,295.20818972771843,19.37313623735691,0.010645424998074304,150000.0
0,1,8,known,3,30.0,300.0,150.0,1435.3764637014467,37.78527002247428,1434.8790422601478,884.1764579925739,21.033667877062367,883.9262376940347,1.0,1.0,25.0,710.9370282842749,355.22422839938116,28.293526884931648,0.007437598000251455,150000.0
0,2,8,known,3,30.0,300.0,150.0,626.8303487838295,14.894977312152415,626.6533537828772,214.59050331265033,12.844090201006518,214.20577363573793,1.0,1.0,72.0,752.3075749651232,333.78482136378994,24.038740034742588,0.02422245899651898,150000.0
0,3,8,known,3,30.0,300.0,150.0,640.6699049711204,22.05617251297029,640.2901314168308,611.2309608677621,12.465084340995398,611.1038448542929,1.0,1.0,32.0,1186.5837568290424,212.9055341623934,21.941715938439163,0.008045003000006545,150000.0
0,4,8,known,3,30.0,300.0,150.0,1043.3999026769447,17.63654407455973,1043.2508371524864,584.6250136701007,17.141771542693252,584.3736529628483,1.0,1.0,47.0,849.5607510632266,297.6952179745159,24.085381750957154,0.015643687998817768,150000.0
0,5,8,known,3,30.0,300.0,150.0,2638.3532022193353,84.79164799816026,2636.990329161405,877.7072198143424,19.428719066053315,877.4921587055205,1.0,1.0,28.0,815.5715486639353,309.8363896248497,25.600286779960165,0.008657361999212299,150000.0
0,6,8,known,3,30.0,300.0,150.0,874.5963231543553,30.847093694214127,874.0521639385935,641.2425801191034,20.29262811661204,640.9214115645736,1.0,1.0,25.0,1394.0095035127558,180.3845190321776,18.801565744474406,0.0067141450017516036,150000.0
0,7,8,known,3,30.0,300.0,150.0,878.7193854070309,12.415671656652327,878.6316687824451,626.912392473324,9.761092458165045,626.8363972446481,1.0,1.0,32.0,1409.1554201376005,179.42869419752176,19.72688627101435,0.006976012002269272,150000.0
0,8,8,known,3,30.0,300.0,150.0,1803.491067650972,30.33073740903331,1803.2360015996426,688.9044855629277,13.165718300093124,688.7786684344721,1.0,1.0,75.0,524.1410341280081,482.18874945057127,27.615955294326422,0.023165680999227334,150000.0
0,9,8,known,3,30.0,300.0,150.0,1434.587250275299,41.936948729202165,1433.9741528297252,949.4289173366622,23.060384758011452,949.148822751142,1.0,1.0,37.0,1539.5921292459898,164.0384412061651,19.971787537811103,0.020034954002767336,150000.0
0,10,8,known,3,30.0,300.0,150.0,672.9985282665621,18.74906490244721,672.7373124884946,490.18467217318016,11.664984125469458,490.0458559960288,1.0,1.0,26.0,1286.218283236717,196.4438063142059,19.919888173124793,0.011976316000072984,150000.0
0,11,8,known,3,30.0,300.0,150.0,563.2356634883496,18.64617338046691,562.92693384082,545.2527664614767,14.801617114597933,545.0518245677987,1.0,1.0,53.0,1181.86542896035,213.96442255776392,21.39267696044396,0.01574415800132556,150000.0
0,12,8,known,3,30.0,300.0,150.0,566.2321200067311,15.950585427053483,566.007413866507,410.67736659732725,12.221465701991871,410.4954752630174,1.0,1.0,47.0,952.1113184072118,265.27457646122167,17.697425794932176,0.016688275001797592,150000.0
0,13,8,known,3,30.0,300.0,150.0,900.1254534657371,10.164645670866628,900.0680596239846,587.0963825463525,9.403891663832795,587.0210636941301,1.0,1.0,113.0,701.5452771266047,361.4119554618072,27.52155495088054,0.03560638300041319,150000.0
0,14,8,known,3,30.0,300.0,150.0,1281.309413412582,48.10873183590566,1280.4059367328925,620.4858534890707,24.329420166394517,620.0086884023704,1.0,1.0,38.0,703.2504652016253,359.92527809548847,26.250556778136414,0.011388742001145147,150000.0
0,15,8,known,3,30.0,300.0,150.0,591.8113900303795,18.01153655782559,591.5372396734766,469.11812968964364,10.966318491696418,468.9899353528261,1.0,1.0,61.0,1153.4475782269672,218.3654147281741,24.759100759505163,0.018630860999110155,150000.0
0,16,8,known,3,30.0,300.0,150.0,1474.4312074514403,43.877271002744536,1473.7781958612577,956.4806143295256,21.169845037096888,956.2463088813947,1.0,1.0,162.0,1022.7992448161478,245.44300619282004,20.128370190211587,0.055618712001887616,150000.0
0,17,8,known,3,30.0,300.0,150.0,887.6466867179913,18.834181441342416,887.4468513949793,871.4775458682896,15.134285581700253,871.3461231637793,1.0,1.0,31.0,1253.4855043815292,202.27331061521795,31.777533875894864,0.018663126000319608,150000.0
0,18,8,known,3,30.0,300.0,150.0,1238.420438786187,24.337333026003346,1238.1812780948328,490.2750449984835,10.354621757725308,490.1656878612776,1.0,1.0,59.0,1727.9520791296086,146.0913403071109,26.932393406543973,0.021114860002853675,150000.0
0,19,8,known,3,30.0,300.0,150.0,1076.1227596133892,42.266293090018436,1075.2924040587125,580.8841492473747,27.116884117574987,580.2508676793169,1.0,1.0,30.0,1601.8524506292158,157.41718656175783,19.483009619033353,0.0063698730009491555,150000.0
0,20,8,known,3,30.0,300.0,150.0,687.1306748671756,16.1783678564949,686.9401900871138,570.0820024529652,12.464591883674446,569.9457197575538,1.0,1.0,25.0,1087.471027812521,232.78412432737042,21.1057234439911,0.007411534999846481,150000.0
0,21,8,known,3,30.0,300.0,150.0,1212.6870596994486,21.454155161963428,1212.4972676211607,534.0831874383703,14.811482593731055,533.8777679279265,1.0,1.0,23.0,1660.7374735260557,151.91915324516697,22.83932927470324,0.007218008999188896,150000.0
0,22,8,known,3,30.0,300.0,150.0,163.92658661170955,24.572694814383777,162.07439177033945,138.7704561736326,17.238416848244277,137.69559357947605,1.0,1.0,109.0,1115.9609453794728,226.0510591193065,25.49502880568828,0.04784545399888884,150000.0
0,23,8,known,3,30.0,300.0,150.0,263.25155115465435,15.994099551248986,262.7652335543581,243.7976301930376,10.605917709322792,243.5668265533798,1.0,1.0,65.0,1074.4509422944693,234.90605901923175,27.61030168278559,0.02061401900209603,150000.0
0,24,8,known,3,30.0,300.0,150.0,1204.3833583180194,34.29520448068337,1203.8949757944083,781.7756262182479,16.088041646547165,781.6100720083593,1.0,1.0,32.0,943.0433717792747,268.97361553226744,27.522929906415506,0.010457422999024857,150000.0
0,25,8,known,3,30.0,300.0,150.0,671.2692480410931,13.89760114175683,671.125368353901,507.84260003927733,15.269628208999986,507.6129872934816,1.0,1.0,31.0,1379.7380851293935,183.19164282821882,22.598039581560947,0.009691488998214481,150000.0
0,26,8,known,3,30.0,300.0,150.0,1851.3687791940945,47.61110455506862,1850.7564775782032,704.9915364197913,20.570200849134196,704.6913744757801,1.0,1.0,33.0,477.29993213321364,526.4313042219178,23.50845285356976,0.010074341000290588,150000.0
0,27,8,known,3,30.0,300.0,150.0,1745.2842801958932,44.56084880031494,1744.7153204615051,696.5521583434946,17.29627721163491,696.3373809351319,1.0,1.0,43.0,356.3747693045583,707.4940133570873,22.31404785925465,0.01275102900035563,150000.0
0,28,8,known,3,30.0,300.0,150.0,449.575643730006,20.197366489043393,449.12172717667147,169.22884842505752,10.984520568597658,168.87197353956975,1.0,1.0,85.0,1293.8521943262356,194.53432110410142,24.94099888882454,0.03702491799776908,150000.0
0,29,8,known,3,30.0,300.0,150.0,947.7345012420265,13.315097908052808,947.6409620801392,729.3757681635927,13.05670517445283,729.2588934214092,1.0,1.0,29.0,1331.8024891994576,189.96254134617354,20.634607386010945,0.02267511399986688,150000.0
0,30,8,known,3,30.0,300.0,150.0,1970.18602626626,57.09017189893409,1969.3587002797092,695.1559743003623,14.578845129045941,695.0030833602029,1.0,1.0,38.0,591.3698262909725,427.2291382038374,21.364673769260015,0.0092935579996265,150000.0
0,31,8,known,3,30.0,300.0,150.0,688.8374827455784,30.31878632176186,688.1699272935722,586.994509159873,22.8427401951306,586.5498810878901,1.0,1.0,31.0,1242.6187716079885,202.11139898460914,24.915993542173133,0.007408752000628738,150000.0
0,32,8,known,3,30.0,300.0,150.0,1241.8694609663503,24.82742963942614,1241.6212614232863,483.09366426644755,18.65072973353592,482.7335069526351,1.0,1.0,60.0,1726.701098865237,146.30441651360744,26.29740751872621,0.01691993900021771,150000.0
0,33,8,known,3,30.0,300.0,150.0,907.4216599013486,24.452289830185524,907.0921421664833,534.2721084843121,16.10000211240935,534.0294709435547,1.0,1.0,24.0,1533.5859931374325,164.69072508049572,18.078250516807394,0.0055362829989462625,150000.0
0,34,8,known,3,30.0,300.0,150.0,1183.7344035904778,26.29861758381073,1183.442233890985,721.696799690221,19.255332321948366,721.4398816674044,1.0,1.0,25.0,781.0917548627388,322.8147331800644,21.117443516791376,0.007833926003513625,150000.0
0,35,8,known,3,30.0,300.0,150.0,1157.3417364115078,31.042431671755697,1156.9253486184439,577.1698123446115,17.31360373719825,576.9100722015047,1.0,1.0,25.0,1662.3727488552424,151.55508785129638,18.234551207790247,0.006513077001727652,150000.0
0,36,8,known,3,30.0,300.0,150.0,1243.843532446235,24.29254734228703,1243.60629033145,808.048656785736,15.826901025066505,807.8936445703573,1.0,1.0,38.0,1509.2978605946075,167.07766374497743,19.394174967743982,0.008542958999896655,150000.0
0,37,8,known,3,30.0,300.0,150.0,1144.248543979434,33.37025318145258,1143.761844354698,251.23700193011706,14.958535906765391,250.79129439109258,1.0,1.0,35.0,1703.6004071769303,148.24428399944426,28.482372518240265,0.00842621699848678,150000.0
0,38,8,known,3,30.0,300.0,150.0,1707.504991349034,39.182371413629696,1707.0553702947861,768.1043530599499,22.09825993928379,767.7864052568916,1.0,1.0,60.0,514.6453977829262,491.3329057249952,20.36701202011577,0.01607750000039232,150000.0
0,39,8,known,3,30.0,300.0,150.0,635.0342436827262,13.199844081856016,634.8970426501503,404.90089623630496,13.498924292152756,404.6758144687149,1.0,1.0,36.0,795.114560886529,318.51163508803756,23.624287781823647,0.009720313999423524,150000.0
0,40,8,known,3,30.0,300.0,150.0,827.304275114789,25.144106434770684,826.9220867378034,519.6691445536503,20.93557634375215,519.2472642626802,1.0,1.0,53.0,706.8584858828622,356.3489446851925,21.201792417117517,0.016224456998315873,150000.0
0,41,8,known,3,30.0,300.0,150.0,1348.4226088572236,38.39074358697049,1347.8759894308382,910.9273254151296,21.648765076747118,910.6700407714166,1.0,1.0,27.0,908.1670217491733,277.28813455182626,20.615662695089522,0.008547583998733899,150000.0
0,42,8,known,3,30.0,300.0,150.0,709.4617172767348,14.739796646539496,709.3085835347492,457.267367346138,15.026484057613674,457.0204043765816,1.0,1.0,31.0,828.8196702191327,303.4220795995653,18.221664521117095,0.007413966999592958,150000.0
0,43,8,known,3,30.0,300.0,150.0,587.0276292325782,22.463660240152876,586.5976657395051,499.0834396962098,15.521817622537792,498.84201202053237,1.0,1.0,60.0,1240.9600999008342,202.61130147977053,19.599233242568257,0.017592347001482267,150000.0
0,44,8,known,3,30.0,300.0,150.0,425.36483696851985,10.725485345074905,425.2295950346919,280.38760034284456,9.12170255017329,280.23918528393716,1.0,1.0,29.0,924.6059195675025,273.70622078771925,27.741880683234736,0.010272126997733722,150000.0
0,45,8,known,3,30.0,300.0,150.0,1034.05207666023,26.652112522537152,1033.7085479686332,756.0484524839317,16.930954063542586,755.8588527614438,1.0,1.0,56.0,1309.5145095619373,192.69113268803918,19.67132836353552,0.01851569000064046,150000.0
0,46,8,known,3,30.0,300.0,150.0,1380.3616228584194,45.123980068501155,1379.623874932261,534.7457302546785,18.159736037167395,534.4372928722975,1.0,1.0,34.0,1767.6566702429388,143.66457086370397,23.831807911545408,0.008862293998390669,150000.0
0,47,8,known,3,30.0,300.0,150.0,990.8956173919778,27.85409428662577,990.5040504703152,552.8161995231025,17.515268701206704,552.5386554961482,1.0,1.0,33.0,785.975834482364,320.7291133254412,23.30013580148187,0.009041473000252154,150000.0
0,48,8,known,3,30.0,300.0,150.0,789.5622999748358,18.868509505120535,789.3368133380121,394.3261081188212,16.139642826101635,393.99567443511626,1.0,1.0,34.0,1396.3182857955348,180.52797937171482,23.811054057461664,0.007221597999887308,150000.0
0,49,8,known,3,30.0,300.0,150.0,488.43906312625285,15.62081698100369,488.18921379368635,300.7306633310365,15.094913578092445,300.35158639766684,1.0,1.0,34.0,1313.2647160809825,192.3802152896552,18.8370697740516,0.009129948997724568,150000.0
0,50,8,known,3,30.0,300.0,150.0,1072.8029525547179,17.627544467929543,1072.658121064746,710.2309228867593,16.130184533695967,710.0477314740797,1.0,1.0,32.0,708.2105512235706,355.86094284877595,19.330036999667648,0.00814648600135115,150000.0
0,51,8,known,3,30.0,300.0,150.0,1262.8549356178464,33.28670688355941,1262.4161689233877,855.8470770134451,18.53991874150699,855.6462415306434,1.0,1.0,46.0,1149.528131225093,219.45745048842517,13.931817624144893,0.01307580700085964,150000.0
0,52,8,known,3,30.0,300.0,150.0,969.5970378619311,59.37508346711229,967.7773583288175,732.4600169779187,30.966270191848484,731.8051424947071,1.0,1.0,28.0,860.0535896006792,293.8187356613088,25.08970848456597,0.008412651000980986,150000.0
0,53,8,known,3,30.0,300.0,150.0,830.0866018704237,37.855635498484105,829.2229600450008,590.5595288377049,28.12582822504907,589.8893920792838,1.0,1.0,28.0,1391.2822469990213,182.46341534711817,18.495728029082795,0.007381479001196567,150000.0
0,54,8,known,3,30.0,300.0,150.0,776.0267191054191,7.827629683180369,775.9872402166571,314.83843464959153,9.288579499088941,314.70138579849663,1.0,1.0,54.0,1485.1710574421043,169.90854940062383,23.43874701525359,0.016823375000967644,150000.0
0,55,8,known,3,30.0,300.0,150.0,1302.2839646065133,30.24905566020964,1301.9326092785773,725.9772476991343,18.278776526891722,725.7470981722835,1.0,1.0,31.0,612.4691369954587,411.43816157093045,22.054849587404796,0.008679589001985732,150000.0
0,56,8,known,3,30.0,300.0,150.0,3765.637155289396,140.2255477541443,3763.025376084124,962.654091708504,20.177007394515748,962.4426157728711,1.0,1.0,186.0,1296.9059696846095,195.1919637632907,15.880721678719361,0.05978408900045906,150000.0
0,57,8,known,3,30.0,300.0,150.0,1099.0233505497106,34.12598267131247,1098.4933965938208,642.1923898259724,23.407829353222056,641.7656418626384,1.0,1.0,69.0,1438.1720466217587,175.74263337010274,22.016228495737433,0.02182223600175348,150000.0
0,58,8,known,3,30.0,300.0,150.0,1524.229440489052,68.25307593048227,1522.700530268377,644.0925943692663,27.787391805487793,643.4929144737963,1.0,1.0,36.0,758.5817336970915,332.4999092285155,20.957032306974742,0.012463846000173362,150000.0
0,59,8,known,3,30.0,300.0,150.0,728.6157787293372,20.866576886410932,728.3169220760986,549.8441176402313,14.78999129090874,549.6451672317144,1.0,1.0,42.0,879.6510807146892,286.953460434339,22.08394345783339,0.012338561999058584,150000.0
1,0,8,known,3,80.0,300.0,150.0,1835.6067032724636,48.72357486238756,1834.9599402579427,721.0710344238804,28.220345815041373,720.518597100175,1.0,1.0,34.0,2128.937732265513,118.70128100380448,56.73964858566001,0.017050864997145254,150000.0
1,1,8,known,3,80.0,300.0,150.0,2534.1688724257097,115.68848185164227,2531.526821729972,753.5297371547207,37.543921828658796,752.5938603989446,1.0,1.0,35.0,2519.4564732138197,100.09033645540667,66.21059497309196,0.010338518000935437,150000.0
1,2,8,known,3,80.0,300.0,150.0,1703.128134118636,63.11939827815394,1701.9581025358495,1277.3247036806767,37.292076566550975,1276.7802080461158,1.0,1.0,32.0,1261.8050029273518,199.54504430280844,57.7645301211059,0.011057456998969428,150000.0
1,3,8,known,3,80.0,300.0,150.0,770.5404852295765,56.87067268241796,768.4389149219868,686.6037547032964,29.29798065425494,685.9783847194074,1.0,1.0,33.0,1061.6888997978485,237.44392915020353,83.40281454149643,0.008171397999831242,150000.0
1,4,8,known,3,80.0,300.0,150.0,1895.9668912223267,79.37981923863879,1894.3044361741054,703.8590548155044,48.507553141215794,702.1855782726012,1.0,1.0,30.0,2089.3699192778513,120.35950639621053,49.02138936497155,0.006704633000481408,150000.0
1,5,8,known,3,80.0,300.0,150.0,1234.8434830320691,53.03565864501243,1233.7040352121985,882.039734680707,42.0225432480059,881.0381373212974,1.0,1.0,39.0,1367.1797431764999,184.0177903241509,67.09709859857976,0.009716895998280961,150000.0
1,6,8,known,3,80.0,300.0,150.0,985.5770458303097,40.36906393335768,984.7499438663325,844.1559266048889,36.07491210071601,843.384745616782,1.0,1.0,48.0,1113.5825453403681,226.86511716591014,67.61641226298255,0.013084113001241349,150000.0
1,7,8,known,3,80.0,300.0,150.0,669.518501554791,57.720977004729285,667.025721196561,412.7369438664654,41.45433330234346,410.64987895126427,1.0,1.0,116.0,785.2346886572417,321.2127143667499,83.71514523323992,0.03893361199880019,150000.0
1,8,8,known,3,80.0,300.0,150.0,1516.1773375348353,53.349854029861106,1515.2384340192846,1139.8224703722028,50.681415219895456,1138.6951559204508,1.0,1.0,76.0,884.0277885002998,284.90485877448185,64.78871147824137,0.022955049000302097,150000.0
1,9,8,known,3,80.0,300.0,150.0,2113.4136810660902,71.11781376907274,2112.216760628992,916.9759959730785,46.83090106021882,915.7793642011744,1.0,1.0,34.0,2290.0640094550336,110.12837158784181,81.3898154146047,0.009532623997074552,150000.0
1,10,8,known,3,80.0,300.0,150.0,1358.34262882226,61.17413103528999,1356.9644147758058,1037.2793418285792,38.99778380063795,1036.5459979388127,1.0,1.0,29.0,1528.8098620069536,165.87302500838635,40.62176227116405,0.008627899002021877,150000.0
1,11,8,known,3,80.0,300.0,150.0,2123.9301788464854,76.55143302939504,2122.5501837921315,1031.5457153735688,50.44309436348127,1030.3116310789687,1.0,1.0,41.0,957.1262645026387,262.5314188721171,48.46221261323083,0.00909745800163364,150000.0
1,12,8,known,3,80.0,300.0,150.0,1161.93770428704,51.08489515323384,1160.8141807072398,710.4379840483194,29.60647034136046,709.8208126651164,1.0,1.0,27.0,1617.779411629744,156.40923846034246,69.8699875382072,0.007609929001773708,150000.0
1,13,8,known,3,80.0,300.0,150.0,2157.0404101407444,80.22015981788451,2155.54820334386,666.6112618588869,41.80399047515096,665.2991814345264,1.0,1.0,43.0,2225.484219182313,113.51434241788473,55.291972868811946,0.010385731999122072,150000.0
1,14,8,known,3,80.0,300.0,150.0,1060.0365121678244,61.27131508844318,1058.2642548419838,409.4926872167841,42.372602170100954,407.2945168663056,1.0,1.0,79.0,1621.1341046166635,155.69404890916584,69.84295878752688,0.02270637499896111,150000.0
1,15,8,known,3,80.0,300.0,150.0,1463.6449905035176,55.51376252683751,1462.591836568274,1282.3218287661932,41.47835172092434,1281.6508178395507,1.0,1.0,33.0,1387.7081972274525,183.24478907915466,41.28944330637982,0.008068045997788431,150000.0
1,16,8,known,3,80.0,300.0,150.0,1447.7127824144213,59.831766411981235,1446.4758760843981,614.3256312064407,50.071356179455385,612.2816675742806,1.0,1.0,29.0,1819.6712809520584,138.6021274494897,48.93479990502739,0.006588362000911729,150000.0
1,17,8,known,3,80.0,300.0,150.0,2311.39672303927,104.67298348539896,2309.025417314617,1524.9529733786421,57.275220625722035,1523.8770029495938,1.0,1.0,38.0,2171.895894139781,116.35716032248754,37.893602734373715,0.020357425997644896,150000.0
1,18,8,known,3,80.0,300.0,150.0,1186.5377964991042,83.52598881181859,1183.5942513014995,612.9188187085931,53.65915241017123,610.5654540585793,1.0,1.0,415.0,703.6752088718672,359.1844185205767,78.02019990807243,0.13458529799754615,150000.0
1,19,8,known,3,80.0,300.0,150.0,881.117057290662,37.205890295507096,880.331182212623,485.0484402643718,31.2078957852365,484.0434449959607,1.0,1.0,37.0,1503.3274809353024,167.82787097835757,48.91337773091713,0.008855011001287494,150000.0
1,20,8,known,3,80.0,300.0,150.0,2369.3256959328837,113.57762358521572,2366.601862762002,1372.4667348648713,68.28052094530531,1370.7671971454813,1.0,1.0,37.0,2328.0260903059075,109.03066895694641,56.71947434456394,0.015859924998949282,150000.0
1,21,8,known,3,80.0,300.0,150.0,1672.4296092617524,99.1338042475648,1669.4889298197888,486.0235975165174,49.45025520450984,483.5014059991,1.0,1.0,51.0,2031.198645786311,124.20724435658286,66.56072472461328,0.016054222996899625,150000.0
1,22,8,known,3,80.0,300.0,150.0,1425.3917398170577,137.60129758899797,1418.7344694623173,690.2154000759976,59.218208079789,687.6703442303502,1.0,1.0,27.0,1820.410257953014,139.23369744144,53.25724315482366,0.006390320002537919,150000.0
1,23,8,known,3,80.0,300.0,150.0,4047.231483464578,174.67837738428466,4043.4601698571587,1598.6076712466195,47.63167411240898,1597.8979035563534,1.0,1.0,27.0,1554.855794080031,162.96278580672444,43.772372447669696,0.007336126996960957,150000.0
1,24,8,known,3,80.0,300.0,150.0,1799.2182928564937,60.30657046085218,1798.207324784516,727.6109593590147,33.125201685257885,726.8565396229553,1.0,1.0,42.0,664.3047374968697,380.3206052032306,74.57907282690498,0.01175031700040563,150000.0
1,25,8,known,3,80.0,300.0,150.0,3354.3839219738375,128.11235942663703,3351.9365625498826,915.0374011858746,54.65571908387923,913.4036336365338,1.0,1.0,33.0,2961.165354281093,85.24763490296563,73.6894886824898,0.00880493400109117,150000.0
1,26,8,known,3,80.0,300.0,150.0,1325.6556206277967,34.45023172577111,1325.207910494089,967.2862070478772,24.445463190373903,966.9772622324048,1.0,1.0,39.0,1625.3606780984585,155.83548962246087,56.72470037672788,0.009690859998954693,150000.0
1,27,8,known,3,80.0,300.0,150.0,2694.2373410666028,97.61560703580614,2692.46839224914,1323.7879235979026,55.00985727906212,1322.6444655559496,1.0,1.0,36.0,2353.6952820249185,107.31139691139344,65.48091240806227,0.010851520000869641,150000.0
1,28,8,known,3,80.0,300.0,150.0,994.0460498150918,62.676722208277546,992.0681315545896,675.367656415819,46.56662183170109,673.7603587803153,1.0,1.0,60.0,1527.0969670780316,165.86120076778798,73.24506789885449,0.018864630001189653,150000.0
1,29,8,known,3,80.0,300.0,150.0,4622.690730408761,228.99036060644895,4617.0155949223745,1602.529063675853,48.87042906860806,1601.783718573908,1.0,1.0,33.0,1874.1211543461059,134.2602114064878,55.07851971871072,0.010510774998692796,150000.0
1,30,8,known,3,80.0,300.0,150.0,1001.7332451829107,64.03936401380156,999.6841773087104,876.074830846743,46.883842877157896,874.8194182345402,1.0,1.0,35.0,1245.4057399886276,202.1548925082867,63.642320915290576,0.009851923998212442,150000.0
1,31,8,known,3,80.0,300.0,150.0,1288.7600086728182,43.38090791850482,1288.0296800860333,681.3463448892115,31.801409980670797,680.6037848977404,1.0,1.0,42.0,639.7213031291424,394.28511022155703,65.21682384840801,0.013471195998135954,150000.0
1,32,8,known,3,80.0,300.0,150.0,1608.9002400755896,97.06284559184346,1605.9697339990264,1080.1142264595524,63.72617391202117,1078.232682197517,1.0,1.0,20.0,1924.069365367483,130.85521454237792,40.99356062573118,0.004262839000148233,150000.0
1,33,8,known,3,80.0,300.0,150.0,1803.8696799985823,54.18541288201706,1803.0556739737665,519.4864373566769,38.34199762445647,518.0695414861781,1.0,1.0,51.0,2068.766667577097,122.14068328855068,35.979449404678356,0.017914432999532437,150000.0
1,34,8,known,3,80.0,300.0,150.0,1584.4423293184952,67.91787165449541,1582.985994140865,1132.5886852446065,40.853756989459086,1131.8516247653454,1.0,1.0,72.0,1483.5487509038771,170.53424009885512,58.85206333700589,0.02302502100064885,150000.0
1,35,8,known,3,80.0,300.0,150.0,2817.0893154144705,109.95774650070528,2814.9425402673596,920.3140907826621,44.71926956142879,919.2269646953414,1.0,1.0,36.0,2694.6867632740054,93.7386713767979,43.287313279004884,0.007438931999786291,150000.0
1,36,8,known,3,80.0,300.0,150.0,3909.7160415608264,152.9915945559803,3906.721528037707,1205.673294230387,54.61327679664535,1204.4357527148911,1.0,1.0,56.0,1461.401514085297,173.1216752135983,49.31810549796764,0.01672710800266941,150000.0
1,37,8,known,3,80.0,300.0,150.0,1660.3434941968374,81.88205174362882,1658.3232038188505,1306.3496047972478,47.67076689341499,1305.4795241357556,1.0,1.0,42.0,976.3027398577569,258.695308698847,74.09698726287866,0.010054888000013307,150000.0
1,38,8,known,3,80.0,300.0,150.0,896.2662422384054,64.41543063859493,893.9484488894182,537.443152510261,36.6894878234056,536.1893542988557,1.0,1.0,63.0,1436.5136474048068,174.9481431008851,62.58874213041718,0.017008863000228303,150000.0
1,39,8,known,3,80.0,300.0,150.0,1479.1938873693675,64.92536848820755,1477.768335348126,1189.9944846920616,43.86152168503024,1189.1858729874816,1.0,1.0,28.0,1684.0080497115653,149.75058373544763,61.45395898343089,0.008284663999802433,150000.0
1,40,8,known,3,80.0,300.0,150.0,2257.7714860597707,98.87709090685655,2255.6053298745205,961.5853490346582,51.37389907257586,960.2120109497621,1.0,1.0,56.0,651.9363998308934,388.1599861021334,57.352389484375394,0.01710506999734207,150000.0
1,41,8,known,3,80.0,300.0,150.0,3011.569045676204,118.31039381868766,3009.2442186684593,1269.5634193806206,38.464961870915985,1268.9805839876678,1.0,1.0,42.0,928.9608198241876,271.8248438232383,67.86785837977494,0.011341926001477987,150000.0
1,42,8,known,3,80.0,300.0,150.0,1344.2831148880605,63.90620657566467,1342.763229215879,1154.1881589216896,41.573841199129504,1153.4391713146338,1.0,1.0,63.0,1089.475697787013,231.24174214330026,41.19338630884005,0.01950049799779663,150000.0
1,43,8,known,3,80.0,300.0,150.0,1224.0060524920996,50.83793525251942,1222.9498439742133,972.3047875598336,37.80100347971686,971.5697010753781,1.0,1.0,27.0,1546.1986985210556,163.7832142798135,54.97798395332629,0.009014496001327643,150000.0
1,44,8,known,3,80.0,300.0,150.0,839.3216021751659,48.46748799916857,837.921031174739,540.5318240366811,44.02753436870134,538.7357691984396,1.0,1.0,83.0,733.273212204901,343.7384925147574,83.72805463288981,0.035996533999423264,150000.0
1,45,8,known,3,80.0,300.0,150.0,1007.4338929537522,49.30197504175698,1006.2267954735324,947.0772217254715,30.102290861414737,946.5987090610956,1.0,1.0,20.0,1338.916143731152,187.9052081588195,45.983843946119606,0.008037289000640158,150000.0
1,46,8,known,3,80.0,300.0,150.0,2705.7947206492836,114.84074876896317,2703.356556711622,1194.291526288906,77.54201481571634,1191.7715744654274,1.0,1.0,40.0,2447.2187245400983,103.1870612851344,29.399854208544454,0.014352850001159823,150000.0
1,47,8,known,3,80.0,300.0,150.0,1892.928074871035,54.15063722309145,1892.1533778008843,881.0051406569555,44.55290329804684,879.8778873637506,1.0,1.0,44.0,523.263964367973,483.2295655191174,68.72312662107716,0.015176904998952523,150000.0
1,48,8,known,3,80.0,300.0,150.0,2301.422630189142,106.1831134851492,2298.9717852025306,1055.147650340173,40.66868573931031,1054.3636099650942,1.0,1.0,39.0,2277.598072363925,111.20555097150842,50.72969913078136,0.014360651999595575,150000.0
1,49,8,known,3,80.0,300.0,150.0,1140.9645060878947,75.82406947521122,1138.4422315781383,730.2373611903645,73.71403377890891,726.5072917062214,1.0,1.0,35.0,1660.7102157354955,152.07469841013332,68.53551596680869,0.007458571999450214,150000.0
1,50,8,known,3,80.0,300.0,150.0,1608.1439886951998,83.56729607556679,1605.9712311878832,1214.4513014692877,50.40165539602375,1213.4049764088606,1.0,1.0,26.0,1696.1202158935764,148.5652025846172,49.195776389832055,0.015906299002381274,150000.0
1,51,8,known,3,80.0,300.0,150.0,1194.0989953558835,27.14164081427651,1193.790493362985,702.5747976822668,30.82021150410791,701.8984690830436,1.0,1.0,37.0,1624.9440576608883,155.2625063838201,56.960408172397884,0.012530570998933399,150000.0
1,52,8,known,3,80.0,300.0,150.0,1943.2273956691924,85.00787398056129,1941.367140094984,1408.0182552563947,53.196921582446954,1407.0129689059063,1.0,1.0,34.0,1246.3579205693784,203.0811603575356,68.01229664397856,0.009405066000908846,150000.0
1,53,8,known,3,80.0,300.0,150.0,1291.9239607014333,105.71020179203497,1287.5918893312298,644.9161441435475,54.03409395977283,642.6485428808871,1.0,1.0,23.0,1789.0578390065623,141.3333855723339,39.03933554311015,0.005912653999985196,150000.0
1,54,8,known,3,80.0,300.0,150.0,1661.5845226266485,71.09291585265946,1660.0629274663036,1124.828973297122,42.3284062996785,1124.0322616316612,1.0,1.0,74.0,1912.4949020025522,131.69795826647373,75.34066286294401,0.02025236000190489,150000.0
1,55,8,known,3,80.0,300.0,150.0,1541.925148921742,59.714838954068696,1540.7684131257447,1322.087437053053,34.89796898818804,1321.6267714351166,1.0,1.0,31.0,1461.67551863798,173.3773678661588,49.35506344521621,0.008922831999370828,150000.0
1,56,8,known,3,80.0,300.0,150.0,2061.988011156702,54.70925941769053,2061.2621024721575,1249.8467648791025,45.006965948330595,1249.0361518766717,1.0,1.0,43.0,738.9048747628125,341.59858704152344,61.63626054762118,0.01014349800243508,150000.0
1,57,8,known,3,80.0,300.0,150.0,2753.396281396765,134.765969563436,2750.096219381635,1483.1906640684888,64.51442808119715,1481.7869059177435,1.0,1.0,42.0,2453.232459006723,102.73217315404966,64.73941387168222,0.011855095999635523,150000.0
1,58,8,known,3,80.0,300.0,150.0,2010.8747652332618,53.87750094219973,2010.1528639245696,1124.275811044656,22.575135079723555,1124.0491370826505,1.0,1.0,44.0,987.3785763313263,256.8065778676605,58.481889762364894,0.013295126998855267,150000.0
1,59,8,known,3,80.0,300.0,150.0,1655.1201668820377,77.21758294005858,1653.3179402959734,1105.1214794072914,45.389458759555836,1104.1889699145138,1.0,1.0,32.0,720.3998426446533,351.7864862612004,57.87340978192681,0.007687964000069769,150000.0
2,0,8,known,3,130.0,300.0,150.0,1333.1600502286758,75.59341955027462,1331.015159360111,817.8269504460636,56.190001337573875,815.894358741125,1.0,1.0,73.0,1025.3722330099156,246.790187951364,92.2029477691958,0.024081919000309426,150000.0
2,1,8,known,3,130.0,300.0,150.0,4659.991018610919,255.5449576857405,4652.978945593438,2089.6578100472925,86.89098037180514,2087.850502459808,1.0,1.0,29.0,1938.6432056644476,130.29464865972824,91.10439527235363,0.008316658000694588,150000.0
2,2,8,known,3,130.0,300.0,150.0,1249.9483914316877,87.32432263666249,1246.8943194668552,973.4098068664182,53.92215072979594,971.9151474096855,1.0,1.0,34.0,1597.7105982827752,157.85232674499503,116.54618623106919,0.009136084998317529,150000.0
2,3,8,known,3,130.0,300.0,150.0,1715.603677763858,83.8842961410572,1713.5516928350294,1625.249738176487,72.5500642972843,1623.6296374522112,1.0,1.0,27.0,1662.5014141952313,151.51839231644178,103.31536963019009,0.00500620999810053,150000.0
2,4,8,known,3,130.0,300.0,150.0,2740.780719276045,163.8617620738969,2735.8779713439985,1453.099970473256,88.55525959724538,1450.3990796284454,1.0,1.0,31.0,1278.2025992757037,197.30387582975217,87.3683521227608,0.008350308999069966,150000.0
2,5,8,known,3,130.0,300.0,150.0,3228.090722293849,231.5325905511467,3219.7767579247325,1121.9353486288762,105.39199206486151,1116.9742407556218,1.0,1.0,42.0,2901.5760066028133,87.22375744931351,85.86073588838667,0.012483979000535328,150000.0
2,6,8,known,3,130.0,300.0,150.0,467.17322565505367,58.34932485463325,463.5150257089366,342.53609067439334,49.87855387334648,338.8850886037919,1.0,1.0,157.0,986.321758386625,255.777164869232,123.69759965208253,0.05503604800105677,150000.0
2,7,8,known,3,130.0,300.0,150.0,2061.953994822329,107.71141862628842,2059.138782855899,825.6023579852855,56.5397746230637,823.6640743631087,1.0,1.0,119.0,695.0258050586535,363.10457867214984,99.8809613359992,0.05311705599888228,150000.0
2,8,8,known,3,130.0,300.0,150.0,1380.0683548834857,163.96994018467197,1370.292860255298,1286.2584952985421,89.24779194538354,1283.158504768816,1.0,1.0,35.0,1515.0002196556832,166.45515620685933,84.16101303991542,0.008928880997700617,150000.0
2,9,8,known,3,130.0,300.0,150.0,1454.86863648665,95.94229433824582,1451.7016999334396,1274.8401483742919,75.56369362593539,1272.5987317739211,1.0,1.0,31.0,1615.3339888255484,156.15572117981543,102.16422316911272,0.00968513800034998,150000.0
2,10,8,known,3,130.0,300.0,150.0,2135.3275387836306,56.25177666377486,2134.5864788079975,1449.849669043614,56.191813084796685,1448.7603469753444,1.0,1.0,33.0,1373.1860295231716,183.7397958684397,104.09827295745681,0.01049231300203246,150000.0
2,11,8,known,3,130.0,300.0,150.0,1241.432349851176,116.93038073638562,1235.9132515342073,426.2117020870457,64.01238785328131,421.3773002871152,1.0,1.0,189.0,399.8550307230438,635.0536121927946,56.47497982032826,0.06268423000074108,150000.0
2,12,8,known,3,130.0,300.0,150.0,1905.8111496600566,79.38491289417381,1904.1570769695893,1481.1977438577037,45.91657435600415,1480.4858745049078,1.0,1.0,53.0,1901.5766709290717,132.75092305243547,117.05989490520015,0.015983494999090908,150000.0
2,13,8,known,3,130.0,300.0,150.0,1431.149250932196,72.12853421150619,1429.3304911728028,1268.8946449676118,44.762188775784374,1268.1048720368053,1.0,1.0,35.0,1649.2644486869701,153.47858883286742,93.26853724436263,0.018583652999950573,150000.0
2,14,8,known,3,130.0,300.0,150.0,1250.0086859680573,54.97446717786064,1248.799232444551,1016.57178966633,38.636524848562296,1015.8373011919928,1.0,1.0,36.0,982.787720107801,256.68222567702816,70.08552765353693,0.008841089998895768,150000.0
2,15,8,known,3,130.0,300.0,150.0,1581.7765154069139,116.23641951758522,1577.499933271178,804.7166880365554,80.10056504596417,800.7202054924304,1.0,1.0,101.0,578.7760140119842,434.7714377572035,83.49574556538472,0.03241556600187323,150000.0
2,16,8,known,3,130.0,300.0,150.0,3738.7617841986385,155.8077029565233,3735.513838641693,1881.5039910755158,81.99772621599988,1879.716372575528,1.0,1.0,91.0,3089.5172708305718,81.53916142338873,122.6157659914616,0.02949834799801465,150000.0
2,17,8,known,3,130.0,300.0,150.0,933.5451235147916,100.15427389633444,928.1571090384135,648.8376588874148,66.11663193210914,645.4602223006895,1.0,1.0,29.0,1495.344246177457,169.19626018889974,90.27653944755752,0.005911972999456339,150000.0
2,18,8,known,3,130.0,300.0,150.0,1953.2471841059769,126.06137829027676,1949.1749770406668,1294.7815715908011,105.63327476011622,1290.4653925598311,1.0,1.0,34.0,2110.081424980246,119.58406363344335,82.25069563071861,0.012199927998153726,150000.0
2,19,8,known,3,130.0,300.0,150.0,3442.887692388862,153.23216325306402,3439.4760598886987,1348.520334260212,61.8955652323471,1347.0991169612732,1.0,1.0,37.0,3057.42160339127,82.74685078874514,102.90717286314842,0.015026664001197787,150000.0
2,20,8,known,3,130.0,300.0,150.0,1077.6431351642595,112.41994163809612,1071.7632590683174,1007.013795755319,89.02071380969336,1003.0713321366272,1.0,1.0,39.0,1384.5824855710607,182.63999112388052,108.89921356257487,0.009565157000906765,150000.0
2,21,8,known,3,130.0,300.0,150.0,1504.6978595014787,82.45866903577082,1502.4367594974442,1175.2169327881443,62.74747266297902,1173.540622980893,1.0,1.0,37.0,1667.5064624769218,151.23790068393427,88.82774474379717,0.009646646001783665,150000.0
2,22,8,known,3,130.0,300.0,150.0,2633.153353180512,128.79424011648183,2630.0016397482705,1428.4650081848777,81.75616915551056,1426.1234898891605,1.0,1.0,61.0,1187.8196434239908,212.2427019479142,112.78982879793166,0.017151865999039728,150000.0
2,23,8,known,3,130.0,300.0,150.0,2358.216157563534,90.2122019787945,2356.490017888439,1589.2826346813965,54.66940495701383,1588.3420755811662,1.0,1.0,21.0,2264.921518154391,111.46888100204825,91.1665403291408,0.005603566998615861,150000.0
2,24,8,known,3,130.0,300.0,150.0,3584.886456883621,200.6295795943485,3579.267897285616,1633.9549518550195,90.35877341563157,1631.4545892418712,1.0,1.0,44.0,1424.98153688884,176.6282712514744,85.75959498326701,0.013778272001218284,150000.0
2,25,8,known,3,130.0,300.0,150.0,2945.1213501459724,145.7440995394353,2941.5129482181574,1275.5978886685891,71.67566085328849,1273.5825741651015,1.0,1.0,34.0,2527.6283945577056,99.99524431885453,115.85465929862575,0.008920668999053305,150000.0
2,26,8,known,3,130.0,300.0,150.0,1095.6569912099887,82.7340168281567,1092.528866825405,509.6274206963549,66.02670514116053,505.33215030692605,1.0,1.0,40.0,1625.8578068240113,155.19926547949862,112.37659785750617,0.009244729000783991,150000.0
2,27,8,known,3,130.0,300.0,150.0,1454.0593003249633,86.08820661715444,1451.5086184873185,1006.6255726403488,75.80402036653405,1003.767300717542,1.0,1.0,94.0,1204.5626549329002,209.62472764078356,72.77442960903673,0.03095901400229195,150000.0
2,28,8,known,3,130.0,300.0,150.0,2208.3550688441323,146.9115501449737,2203.4629805203385,1352.6769049093432,84.44362214913018,1350.0385489879375,1.0,1.0,43.0,2118.9589961251395,118.8063276026869,93.10974832877369,0.02096181900196825,150000.0
2,29,8,known,3,130.0,300.0,150.0,2469.91213329696,73.72966140136876,2468.8114312837215,826.4865988460784,62.64235643177625,824.1092362380323,1.0,1.0,158.0,803.3322226975929,313.8523286180067,112.50731654792905,0.04691043099956005,150000.0
2,30,8,known,3,130.0,300.0,150.0,1699.487208443033,76.42239671781718,1697.7680609969661,1296.181136970688,58.99655816442075,1294.8378068172774,1.0,1.0,55.0,1623.6145022016215,155.82936135034518,113.25904098085876,0.01553136800066568,150000.0
2,31,8,known,3,130.0,300.0,150.0,3320.925889633039,221.33341149022243,3313.5419546752523,1048.1291141768281,98.30259041246896,1043.5090994827503,1.0,1.0,44.0,2966.268716495392,84.83827444390802,107.55950231640865,0.01219209099872387,150000.0
2,32,8,known,3,130.0,300.0,150.0,1707.115723427719,69.6521142664087,1705.6941918621765,426.16008800022263,45.72862008494291,423.69955618277965,1.0,1.0,140.0,0.04091918055766463,6148860.930350669,97.65860778008735,0.04922351699860883,150000.0
2,33,8,known,3,130.0,300.0,150.0,2187.2465448055455,137.00713209406584,2182.951326420073,1582.24871338715,102.54451834076708,1578.9222947230655,1.0,1.0,126.0,949.9328348314208,265.2846025263595,82.73324398887215,0.043193533001613105,150000.0
2,34,8,known,3,130.0,300.0,150.0,1812.0259115575457,91.37901981779336,1809.7203593077838,1473.4541249000085,67.32162356646235,1471.9153702523884,1.0,1.0,50.0,1066.680641747164,237.73883018706317,99.92772694775556,0.017080281999369618,150000.0
2,35,8,known,3,130.0,300.0,150.0,1902.381947990562,110.78389597667916,1899.1534968065623,1086.3038440469352,83.27423407467322,1083.1073093329323,1.0,1.0,42.0,623.740735505068,405.8964215578225,103.55944761035178,0.010972593001497444,150000.0
2,36,8,known,3,130.0,300.0,150.0,1769.914374321254,114.92473002979077,1766.1792657758656,695.4537046601589,76.86649602388204,691.1927351430642,1.0,1.0,33.0,2025.534932498984,124.0345983524283,110.1169535732601,0.010166341002332047,150000.0
2,37,8,known,3,130.0,300.0,150.0,3441.0961520447036,156.50252291602635,3437.535408972217,1690.082505081197,64.80538861162957,1688.8395825502284,1.0,1.0,33.0,1281.2077858784135,196.78759048876591,89.10836549980537,0.013442485000268789,150000.0
2,38,8,known,3,130.0,300.0,150.0,3441.562829618875,149.173849355313,3438.328354430798,1958.958378276193,75.64474506393668,1957.49733086988,1.0,1.0,44.0,1618.482738500559,155.18121087604538,91.44344003429704,0.017045516000507632,150000.0
2,39,8,known,3,130.0,300.0,150.0,4272.859267374092,146.03107789551584,4270.363127776529,1384.6123716771253,55.03652944805858,1383.5181242859333,1.0,1.0,84.0,1629.0005231398281,155.14391426423464,111.96022581786828,0.026559318997897208,150000.0
2,40,8,known,3,130.0,300.0,150.0,2992.231892225652,133.7853831842342,2989.2395635175435,1256.6964951237326,79.42280800118073,1254.1842362370376,1.0,1.0,30.0,2754.365931861109,91.1349764512554,84.67950731999758,0.008260110000264831,150000.0
2,41,8,known,3,130.0,300.0,150.0,2150.9515414937223,109.66157682467363,2148.1542943705294,1162.0608770971585,64.05486248322957,1160.2941250700494,1.0,1.0,40.0,2183.1977867060905,115.33366452208682,85.09632770401743,0.01057552799829864,150000.0
2,42,8,known,3,130.0,300.0,150.0,1158.6790236859263,63.631131705305336,1156.9304901365826,466.8323667506063,60.04952233965089,462.9541159907236,1.0,1.0,51.0,1729.7227064451295,146.12266885402298,97.5783605786609,0.013000770999497036,150000.0
2,43,8,known,3,130.0,300.0,150.0,1309.5470022532813,76.33291169896192,1307.3204036127158,877.8517818700446,63.4224445590226,875.5577333668923,1.0,1.0,56.0,1546.7625683297672,163.49570817660887,94.17780629888476,0.01555281000037212,150000.0
2,44,8,known,3,130.0,300.0,150.0,2333.0121675796677,136.13433962313024,2329.0369717224653,1256.088487581945,91.45417898242896,1252.7547332908177,1.0,1.0,49.0,1115.5983089140843,226.60463399322325,115.18832758512104,0.014514881997456541,150000.0
2,45,8,known,3,130.0,300.0,150.0,3844.716732801123,163.75434241485468,3841.227833755923,1659.0935759288284,67.64469909088055,1657.7139947449352,1.0,1.0,34.0,3117.8691426507426,80.96541531966768,116.2235687771503,0.0076201890005904716,150000.0
2,46,8,known,3,130.0,300.0,150.0,1193.0139600694106,85.02415146641489,1189.980337059362,902.3818730383957,66.4701795785678,899.9304195409089,1.0,1.0,81.0,1066.062344288798,236.44657624773885,98.17824792199899,0.024088927999400767,150000.0
2,47,8,known,3,130.0,300.0,150.0,4473.8287607048005,261.67312895737075,4466.169606462691,1630.4517917879798,98.36472051886786,1627.4819283487845,1.0,1.0,73.0,3658.652072906926,68.85345092513133,100.34325024283841,0.020666210999479517,150000.0
2,48,8,known,3,130.0,300.0,150.0,3951.3230161746956,221.88335974554093,3945.0882566578816,1527.6694049406879,96.24119359495441,1524.6348557760489,1.0,1.0,32.0,3265.845448994706,77.38955094789402,96.3608203551157,0.008630034000816522,150000.0
2,49,8,known,3,130.0,300.0,150.0,1886.6581043047836,74.67842103008016,1885.1795500618432,1064.6180835303433,67.63089505939178,1062.4677528345444,1.0,1.0,40.0,2017.2044061421668,124.92050398473496,111.13289277963499,0.011502364002808463,150000.0
2,50,8,known,3,130.0,300.0,150.0,4333.502687870089,179.11137624391847,4329.799609759936,1530.9401460267727,86.95818101033336,1528.4685163495683,1.0,1.0,47.0,3532.0772026431077,71.23989225347182,77.85671351895604,0.011588535999180749,150000.0
2,51,8,known,3,130.0,300.0,150.0,2580.699085158531,169.8643044737889,2575.102694302446,1450.908468736082,79.98328790756128,1448.702197936339,1.0,1.0,118.0,2376.065837044043,106.30672210966306,103.94153115400266,0.03400739000062458,150000.0
2,52,8,known,3,130.0,300.0,150.0,2413.1107635562125,107.2927248542642,2410.7243368714294,1415.7432805535939,71.52108531698119,1413.9355610450334,1.0,1.0,56.0,2287.878088923194,110.56363276621738,82.411676607704,0.01434324900037609,150000.0
2,53,8,known,3,130.0,300.0,150.0,2668.2402590536167,123.24564676913151,2665.3923896092615,1176.8944462106665,57.27239002286014,1175.500068423044,1.0,1.0,70.0,2552.984421565506,99.25650306999098,123.75747684400709,0.020555540002533235,150000.0
2,54,8,known,3,130.0,300.0,150.0,1661.569312260195,79.54253036133565,1659.6642929546122,1479.4726397676484,58.42309392476719,1478.3186510077292,1.0,1.0,32.0,1221.0982396391123,206.71793366434503,132.61634098335549,0.008133104001899483,150000.0
2,55,8,known,3,130.0,300.0,150.0,1242.243026940139,133.8106298027921,1235.015163199699,649.0706640872442,103.28391883029332,640.80040503242,1.0,1.0,148.0,642.4792391184976,392.2315128196619,125.36639018694076,0.050726760000543436,150000.0
2,56,8,known,3,130.0,300.0,150.0,2510.3619826698487,82.92636109510413,2508.9919295744294,1223.4899471507556,46.34964940816368,1222.611696647263,1.0,1.0,53.0,2480.2054160862726,101.38841838181135,105.97149944218222,0.015271952001057798,150000.0
2,57,8,known,3,130.0,300.0,150.0,1953.43582587712,63.762345964717426,1952.3949111430559,997.7696472910245,50.24216694482573,996.5038854494967,1.0,1.0,30.0,709.4430672483995,354.1529075722137,95.60098888288674,0.0076977220014669,150000.0
2,58,8,known,3,130.0,300.0,150.0,2050.728105218005,111.25120927190294,2047.7082140692235,1478.4198345468124,65.32573812165444,1476.9758816989142,1.0,1.0,48.0,1779.992297499721,141.75284014433802,103.03859820940696,0.012427020999894012,150000.0
2,59,8,known,3,130.0,300.0,150.0,3152.4097804352427,157.99665104319766,3148.447948123473,1337.5316169277621,61.23643403340717,1336.1290826219847,1.0,1.0,30.0,2877.956206166288,87.68393340545252,94.3606755594406,0.01519495299726259,150000.0
3,0,8,known,3,180.0,300.0,150.0,2808.7739447679132,93.9561254078163,2807.20204461764,2040.9116383645041,65.41273413905812,2039.8631056578618,1.0,1.0,40.0,2490.5431887644045,101.68156652361296,126.89456140421657,0.03456595799798379,150000.0
3,1,8,known,3,180.0,300.0,150.0,1269.124970125697,157.17894507376562,1259.3541872809449,1077.690698415108,91.21227292477022,1073.8238043172353,1.0,1.0,38.0,1082.8365232200845,233.55003770152433,155.130878818331,0.01761282699953881,150000.0
3,2,8,known,3,180.0,300.0,150.0,1576.7252840123708,120.53919721278905,1572.110976737707,1019.4504605428665,68.77991432157575,1017.1276050166858,1.0,1.0,36.0,1822.7771219720921,138.12080315091262,155.63562860945368,0.014172256000165362,150000.0
3,3,8,known,3,180.0,300.0,150.0,4353.495861886104,286.4703414542389,4344.060423489356,2461.584134167968,92.99916426366342,2459.826742889369,1.0,1.0,37.0,2121.284685678768,119.04184824239086,130.62673770317565,0.013628119999339106,150000.0
3,4,8,known,3,180.0,300.0,150.0,2531.1866510008804,153.38163803009718,2526.535164077527,1579.443777574602,101.66768429901781,1576.1682424438086,1.0,1.0,40.0,1335.5340195979272,189.54490653429048,167.93173781212153,0.009376699999847915,150000.0
3,5,8,known,3,180.0,300.0,150.0,2691.1277297902157,113.95198971314674,2688.714079645929,1692.1502994998282,78.91927193115309,1690.3089612893896,1.0,1.0,43.0,2224.309766567509,114.22703912503425,121.7144790620621,0.01298244200006593,150000.0
3,6,8,known,3,180.0,300.0,150.0,2002.058332407278,134.54445358496383,1997.53231672755,1458.4633889862496,83.17700871122854,1456.0896408652554,1.0,1.0,35.0,1692.705076750674,149.1721562907631,158.8307335579702,0.009671837997302646,150000.0
3,7,8,known,3,180.0,300.0,150.0,1669.2383698139831,153.34879644677034,1662.1795576554211,1006.396035698565,117.16328871365667,999.552772217449,1.0,1.0,58.0,648.075981440788,389.5073236422753,119.44720339732554,0.017713102999550756,150000.0
3,8,8,known,3,180.0,300.0,150.0,3167.127673813266,170.48499184968918,3162.5357815822167,1377.7279758121151,96.76522802599614,1374.325604062016,1.0,1.0,73.0,2655.2320737702985,95.38914255586359,110.68830602465239,0.023321779000980314,150000.0
3,9,8,known,3,180.0,300.0,150.0,1748.0833769005162,110.89459051365539,1744.5623756090583,426.2255075145944,86.17058314292268,417.4240216576931,1.0,1.0,836.0,5.200042787097951,48316.84705071663,156.73781482750198,0.331502985998668,150000.0
3,10,8,known,3,180.0,300.0,150.0,1458.742408899917,75.08480061535441,1456.8087342680526,1152.0092978157386,73.40095458488005,1149.6685270633182,1.0,1.0,42.0,805.7346813885886,314.63442483113585,102.0362695856204,0.01773624599809409,150000.0
3,11,8,known,3,180.0,300.0,150.0,5899.9822093451985,409.53155673408696,5885.751776504749,2932.938594093406,133.34369343067291,2929.90584424566,1.0,1.0,34.0,2734.2277266887436,92.01064375853299,138.58209344896963,0.012332979000348132,150000.0
3,12,8,known,3,180.0,300.0,150.0,2005.9299237593607,112.13521143768779,2002.793187872642,1481.2197515239893,119.71178270108959,1476.374289056578,1.0,1.0,61.0,2102.8229648639917,119.99397376256745,172.9456379013132,0.03009618199939723,150000.0
3,13,8,known,3,180.0,300.0,150.0,1661.2169221041702,114.88302785670301,1657.2397389019275,1138.7031250824557,75.93361861529942,1136.168514189923,1.0,1.0,56.0,1143.3491412008225,220.42142759573517,112.89346546523419,0.019465608998871176,150000.0
3,14,8,known,3,180.0,300.0,150.0,1254.9297839564504,66.47395104368128,1253.1679761682492,1211.953636102729,52.27143465249448,1210.8258806211552,1.0,1.0,37.0,1290.4595593380466,195.03462209509098,118.2560825390101,0.01992887999949744,150000.0
3,15,8,known,3,180.0,300.0,150.0,1170.3892093908348,223.63063901381224,1148.82559109413,529.5180664080518,126.34874631042835,514.2230809272421,1.0,1.0,130.0,528.9464818855488,474.47704617419424,130.84199742180658,0.06290976599848364,150000.0
3,16,8,known,3,180.0,300.0,150.0,2920.783818059384,223.27832047789482,2912.2370960212224,1400.8348453829494,108.58578837283883,1396.6199879002593,1.0,1.0,65.0,2702.8921809591425,93.8488892997827,92.72254874921731,0.03394624100110377,150000.0
3,17,8,known,3,180.0,300.0,150.0,1888.4592658163992,112.08689439170028,1885.1299495667236,1224.4164783560486,96.95043635043233,1220.5721303394112,1.0,1.0,55.0,2027.863577076721,124.2638610610827,143.73488229195044,0.021988176999002462,150000.0
3,18,8,known,3,180.0,300.0,150.0,2718.9943399358604,91.09269672062003,2717.4680018736944,1106.673897216673,87.40112916941929,1103.217185054987,1.0,1.0,43.0,2580.740744829815,97.22625630032745,151.43872743249167,0.0159876939978858,150000.0
3,19,8,known,3,180.0,300.0,150.0,1541.4588530509536,97.20669250445201,1538.3908003434974,1449.6679938820853,76.22282660045451,1447.6627277066807,1.0,1.0,37.0,1586.0127981872097,159.27567535237793,116.4896676170992,0.0167619139974704,150000.0
3,20,8,known,3,180.0,300.0,150.0,3125.6497764909263,176.15517083122757,3120.6819576924527,1804.5712995593517,110.05067211768106,1801.2124873983564,1.0,1.0,38.0,2696.0747610822564,93.56037965625151,113.83153190026317,0.016243578000285197,150000.0
3,21,8,known,3,180.0,300.0,150.0,1699.50452690886,139.4930694112429,1693.770149863888,1332.714006894677,129.9578068224091,1326.36254192403,1.0,1.0,121.0,886.5488735287245,283.9695216116701,150.0859169691231,0.050556432997836964,150000.0
3,22,8,known,3,180.0,300.0,150.0,1541.840059068271,117.37288321276334,1537.3660507614875,1464.9266420416766,118.30973492229538,1460.1413880806606,1.0,1.0,40.0,1117.9974368435558,226.42096568543218,139.46456851398653,0.018376585001533385,150000.0
3,23,8,known,3,180.0,300.0,150.0,1842.4732760001384,128.24962422885847,1838.0042999568414,1790.3640569177742,104.25627949732063,1787.3259592162947,1.0,1.0,73.0,1474.3813305271533,171.03566146343022,169.34902098645782,0.037002878001658246,150000.0
3,24,8,known,3,180.0,300.0,150.0,861.5877088249921,126.87647081909675,852.1946615361951,697.6893847333884,71.46915292757548,694.019191196806,1.0,1.0,137.0,804.4827086217769,314.2522223764957,119.27613329356728,0.07956467700205394,150000.0
3,25,8,known,3,180.0,300.0,150.0,1696.6695984419052,159.0727400618013,1689.1961371155944,1251.3213673130708,114.21706140475392,1246.0977598801453,1.0,1.0,47.0,1688.6471392580684,149.47776988811046,108.21823754772018,0.016443987002276117,150000.0
3,26,8,known,3,180.0,300.0,150.0,1407.8488988957802,125.16149374786372,1402.2742679678838,671.2191072127655,109.76758589632821,662.1828803087514,1.0,1.0,116.0,1858.2890280182557,136.01517720321766,115.61793323348572,0.060016800998710096,150000.0
3,27,8,known,3,180.0,300.0,150.0,4264.444698583473,161.30470853945798,4261.392891799545,1130.2153943056937,94.41293408448315,1126.2650822089506,1.0,1.0,43.0,3474.46406000206,72.80140287174757,125.06957518549962,0.01842720099739381,150000.0
3,28,8,known,3,180.0,300.0,150.0,1206.181730614874,161.5417278916747,1195.3152878713067,570.6370992202844,142.24255733516583,552.62442389863,1.0,1.0,125.0,1687.5231174557805,149.2716495262839,143.75612210896415,0.07268636499793502,150000.0
3,29,8,known,3,180.0,300.0,150.0,3008.3445992628504,211.30979822174098,3000.9140935870605,2015.8547680159584,122.85581091608017,2012.1075755179756,1.0,1.0,160.0,2176.6064986742904,115.58048043644365,132.10054474048573,0.07304918600129895,150000.0
3,30,8,known,3,180.0,300.0,150.0,5972.964715387668,437.0995781958878,5956.949844509945,1972.5421150459897,148.52771278692592,1966.942275249681,1.0,1.0,86.0,2635.178850609217,95.76902385866732,159.2436379736044,0.03813663000255474,150000.0
3,31,8,known,3,180.0,300.0,150.0,4529.25047872816,257.45985428699345,4521.9270585105405,1823.9561492539203,113.85387911672707,1820.3992223167047,1.0,1.0,75.0,1918.002551637814,131.73552130832581,113.7124956772505,0.03619283299849485,150000.0
3,32,8,known,3,180.0,300.0,150.0,1548.9099825417768,89.83807811778159,1546.302445751694,1042.7609140367997,81.77782482280602,1039.5492827231003,1.0,1.0,67.0,752.9928595338376,334.7611715957506,149.6312372163373,0.02983456600122736,150000.0
3,33,8,known,3,180.0,300.0,150.0,2748.449584931267,118.64064085049512,2745.887747022343,1279.0472899859517,77.97938125377692,1276.6680015257236,1.0,1.0,38.0,2502.640282436287,101.01387416685974,119.0916238218033,0.013130144998285687,150000.0
3,34,8,known,3,180.0,300.0,150.0,1430.942469736686,142.8048588149457,1423.798835508363,706.5954439059965,133.52658518459643,693.864376083434,1.0,1.0,162.0,797.5864204386885,316.6121925585156,159.11076646077805,0.06652066199967521,150000.0
3,35,8,known,3,180.0,300.0,150.0,2128.544977553205,111.06493523967715,2125.64538473076,1400.512682748473,63.65553709001681,1399.0653119626354,1.0,1.0,36.0,895.456524440538,282.3238346825366,147.51100237056488,0.014321636001113802,150000.0
3,36,8,known,3,180.0,300.0,150.0,939.3496997736605,52.95945198912904,937.8556151721209,689.4414516040727,43.3896969518808,688.0747411352597,1.0,1.0,96.0,1202.271837129631,210.75189013850024,149.1175605925858,0.03720560299916542,150000.0
3,37,8,known,3,180.0,300.0,150.0,3950.943706088689,236.00095952157406,3943.8889076375767,1131.4755441108064,132.9084023941754,1123.642409084791,1.0,1.0,90.0,3302.1496299842884,76.19747769156076,163.4257087350192,0.04743157800112385,150000.0
3,38,8,known,3,180.0,300.0,150.0,905.5325834675566,160.42276577410078,891.2091763120571,560.2437406801453,140.5931127683183,542.315983180836,1.0,1.0,141.0,730.6864534750152,347.63926236646245,136.82814199370534,0.06684162499732338,150000.0
3,39,8,known,3,180.0,300.0,150.0,2366.283410563194,127.68645502762149,2362.8358699471833,1936.6655433932174,98.39467672060874,1934.1643969837705,1.0,1.0,33.0,1235.157805625412,203.33561136671935,123.81192451428173,0.015834543999517336,150000.0
3,40,8,known,3,180.0,300.0,150.0,1752.8896242307933,176.44750605713844,1743.9863280261652,1294.7187582550505,137.28092298178112,1287.4201377805034,1.0,1.0,30.0,1612.7372263146801,156.63009580687478,99.4868225368724,0.011505390000820626,150000.0
3,41,8,known,3,180.0,300.0,150.0,1987.8111422726706,155.4824507551791,1981.721056266634,1526.2604144288941,109.52632962257911,1522.3254697245482,1.0,1.0,67.0,1801.4946101509665,139.79715487903678,100.07883897928336,0.036242543003027095,150000.0
3,42,8,known,3,180.0,300.0,150.0,4994.6803589550145,321.04479086610513,4984.351726191555,1405.4623381173067,144.2398625176125,1398.041217535115,1.0,1.0,52.0,3927.600491942045,64.17374680236505,140.22114756360494,0.020474390999879688,150000.0
3,43,8,known,3,180.0,300.0,150.0,3816.080643845125,281.68364135788767,3805.6702177830366,2425.6407946803793,121.0292772410241,2422.6194870156924,1.0,1.0,30.0,2114.430348413519,119.27096764931794,132.54022178245336,0.013498483000148553,150000.0
3,44,8,known,3,180.0,300.0,150.0,3806.90590689917,196.5888010773564,3801.826590900059,2109.577879022727,100.1411292736406,2107.199701473457,1.0,1.0,33.0,3020.7902106237884,83.83201116321234,175.65644293556196,0.011945886999455979,150000.0
3,45,8,known,3,180.0,300.0,150.0,1153.9443333335857,127.25597625871913,1146.9060296899368,861.2403412315791,106.30136506038096,854.6548690266653,1.0,1.0,75.0,1494.0600031151093,168.88738507705236,164.60523629420436,0.052626599001087015,150000.0
3,46,8,known,3,180.0,300.0,150.0,2425.5736302888204,103.44601906524491,2423.366740114265,862.3589461122108,75.59428012143538,859.0392638015359,1.0,1.0,63.0,2446.2506792913637,103.1132917831777,126.64982740081348,0.03257950600163895,150000.0
3,47,8,known,3,180.0,300.0,150.0,507.536862195603,95.84264190620799,498.4053114482197,445.9006033226371,86.65759414955023,437.39891337279704,1.0,1.0,75.0,1226.710874919134,206.04354590692887,129.5463382184204,0.039185860001452966,150000.0
3,48,8,known,3,180.0,300.0,150.0,1520.3038945872336,112.74144410738371,1516.1178379920511,1092.2707358098166,81.02966571433181,1089.2610126047575,1.0,1.0,36.0,1033.403877236633,244.20886548135192,152.71302410669384,0.011979825998423621,150000.0
3,49,8,known,3,180.0,300.0,150.0,1309.3570715242056,91.56318610924275,1306.1516465173438,911.0980688958792,65.19027323494001,908.762851035051,1.0,1.0,75.0,1528.6739796193312,164.7489997757359,144.5301562609789,0.03335816300022998,150000.0
3,50,8,known,3,180.0,300.0,150.0,3007.430189513094,164.0404228656914,3002.9530606489357,1602.9308194717962,111.40195354831522,1599.054976152522,1.0,1.0,29.0,2774.1077301805667,91.5219605639959,156.07875896289522,0.015468022997083608,150000.0
3,51,8,known,3,180.0,300.0,150.0,4845.154801967832,301.8872314742526,4835.740807208835,2229.0156552512394,82.70344604756716,2227.4808487093596,1.0,1.0,44.0,2167.3711996075417,116.78636162007109,137.23381359842077,0.012410269999236334,150000.0
3,52,8,known,3,180.0,300.0,150.0,2233.987002076918,150.12805400853514,2228.9368525932327,1120.3807343227154,91.75112852921627,1116.6175353517972,1.0,1.0,71.0,2227.1809223776063,113.57914043857109,164.49068809429545,0.028859178997663548,150000.0
3,53,8,known,3,180.0,300.0,150.0,5803.5958351948,400.9854140524813,5789.72670477697,1651.3133929161702,131.35004956128196,1646.0811298671044,1.0,1.0,45.0,4363.269765330889,57.88508673748161,135.14710988607885,0.014387456998520065,150000.0
3,54,8,known,3,180.0,300.0,150.0,1897.9814641012845,113.18800292462032,1894.6034186779016,1622.65868940116,72.79862092278445,1621.024855787483,1.0,1.0,35.0,1075.7210906871283,235.2921478679628,134.48035094551435,0.018365510000876384,150000.0
3,55,8,known,3,180.0,300.0,150.0,1913.0127649718193,104.74108204495082,1910.1432262207925,1533.275719454521,55.4102226846045,1532.2741722977719,1.0,1.0,35.0,1057.6158370862777,238.1176178506382,109.29889026990263,0.013424525001028087,150000.0
3,56,8,known,3,180.0,300.0,150.0,5858.454193786688,377.1416232150986,5846.302227625212,2118.4963963747873,130.50576442374975,2114.4728011741204,1.0,1.0,40.0,2633.6574613399175,95.47544611616304,147.77049600425786,0.0149323750010808,150000.0
3,57,8,known,3,180.0,300.0,150.0,2595.7840085056405,159.57471348399199,2590.8744719939855,1605.9448792372305,118.12448752412794,1601.5946929842908,1.0,1.0,34.0,2497.7639389718165,101.48612855024719,147.76277383410698,0.010320339999452699,150000.0
3,58,8,known,3,180.0,300.0,150.0,2593.1473696855674,221.278979541193,2583.6890087857682,1446.6901648483524,122.4076170864982,1441.5022748328074,1.0,1.0,33.0,2234.2808602116797,113.01275096189595,123.13969421974626,0.012850674000219442,150000.0
3,59,8,known,3,180.0,300.0,150.0,3747.441425755765,254.5178566527251,3738.7882930322894,1614.9705989593108,116.4391463593215,1610.7675067178711,1.0,1.0,40.0,3266.5009738059625,76.84461260495293,87.03600079522768,0.013471714999468531,150000.0
4,0,8,known,3,230.0,300.0,150.0,2862.930055604759,186.29535953148562,2856.8623597055043,1623.9204760878854,121.44649865984273,1619.3728602828842,1.0,1.0,27.0,2527.900109144041,99.69082171154895,111.09464290076559,0.010484587000973988,150000.0
4,1,8,known,3,230.0,300.0,150.0,3084.846012606869,246.77723283834877,3074.959498733137,1163.9378222011565,151.29375784900475,1154.0630194171797,1.0,1.0,92.0,2761.9800679178243,91.80580309252576,183.67238088669586,0.042611182001564885,150000.0
4,2,8,known,3,230.0,300.0,150.0,3488.1015295561742,265.68310146137617,3477.9684831938866,2657.873746488022,155.57484097594119,2653.316664313851,1.0,1.0,38.0,2758.394270698806,91.34883715410842,160.26466339753364,0.01921305200085044,150000.0
4,3,8,known,3,230.0,300.0,150.0,2029.4052583359698,194.1121067413447,2020.1005402152937,1497.8761716594483,115.19800816412155,1493.4398027842246,1.0,1.0,39.0,1225.7417561500981,205.26680629211202,168.0686099941806,0.026278309000190347,150000.0
4,4,8,known,3,230.0,300.0,150.0,2404.5463275589655,162.02177380547977,2399.0814880262474,1503.238132191967,139.82573088752423,1496.720964995735,1.0,1.0,61.0,961.3649894573284,263.22605389675346,147.67273271385218,0.02605489399866201,150000.0
4,5,8,known,3,230.0,300.0,150.0,2703.2539046329694,306.9918841696424,2685.765748528223,762.8258093596728,187.51195838124391,739.4203681866429,1.0,1.0,108.0,2583.6180074456256,97.71361790156406,166.04743882682408,0.09273027800009004,150000.0
4,6,8,known,3,230.0,300.0,150.0,2405.3224350208293,157.1972756041534,2400.1802084337673,2039.787395452101,139.87429967538947,2034.985945635887,1.0,1.0,31.0,1825.9522658025967,137.97771946050997,197.90618551049167,0.015437652000400703,150000.0
4,7,8,known,3,230.0,300.0,150.0,4293.626995519769,227.05292736307277,4287.619356336565,1372.4309873409925,87.32674847193766,1369.6499019877635,1.0,1.0,79.0,3437.1644247206686,73.50314448108611,220.57102647800716,0.03297305399973993,150000.0
4,8,8,known,3,230.0,300.0,150.0,3233.3602326685445,169.59018589608985,3228.9096554487423,1768.0595703431245,126.19087271036256,1763.5505402246092,1.0,1.0,51.0,2876.530637087734,87.40092932698117,194.20243678873314,0.023941676001413725,150000.0
4,9,8,known,3,230.0,300.0,150.0,3782.1838219882843,235.62839232312703,3774.836913568734,1664.902167630915,111.61813480197091,1661.1564103856836,1.0,1.0,44.0,1543.0551487189648,163.59468110922623,157.2788106380295,0.02097058199797175,150000.0
4,10,8,known,3,230.0,300.0,150.0,3884.1253902264943,167.78102031822434,3880.4999131842656,1883.5324826622102,77.2649870121008,1881.9470595704038,1.0,1.0,38.0,3222.2181553783103,78.5282112166811,141.36797267662766,0.012947463997988962,150000.0
4,11,8,known,3,230.0,300.0,150.0,1278.4058346338136,120.42029831510646,1272.7216623360657,1245.1507687394378,67.92989238884331,1243.2964114049607,1.0,1.0,64.0,1278.3213985108023,197.92310855669393,204.49818387895255,0.029973808999784524,150000.0
4,12,8,known,3,230.0,300.0,150.0,7226.708875718525,585.2765664485089,7202.969701113226,1649.4639672215949,179.7570341509089,1639.6398347916752,1.0,1.0,43.0,5274.307687696732,47.67564916023049,188.58873991806416,0.016450882001663558,150000.0
4,13,8,known,3,230.0,300.0,150.0,2149.563434321227,233.91794723644102,2136.7979202843576,1895.5123243249932,187.45831651360746,1886.2201226892428,1.0,1.0,42.0,1474.3866652790869,170.32689024777096,198.89833207973058,0.018695471000683028,150000.0
4,14,8,known,3,230.0,300.0,150.0,1752.2434494462498,184.32300661956702,1742.5217747156032,458.858743382096,154.0837087173513,432.2147117881374,1.0,1.0,58.0,0.027469325018360424,9217281.385133913,174.76675501390594,0.023973975999979302,150000.0
4,15,8,known,3,230.0,300.0,150.0,3455.677542631284,215.93790565790417,3448.9241945201215,1977.4233494864097,108.62266564201349,1974.4376970679211,1.0,1.0,35.0,1548.1183541572746,162.86957667505845,224.03908353170044,0.010789744002977386,150000.0
4,16,8,known,3,230.0,300.0,150.0,3697.232450089553,304.60421432379957,3684.6633581117526,2578.669483294439,148.41994455521825,2574.394651977865,1.0,1.0,33.0,2004.8123723512924,125.8774799087587,181.26342479615343,0.012244269000802888,150000.0
4,17,8,known,3,230.0,300.0,150.0,2420.503679451807,261.413352083782,2406.3460103634425,1743.6529234473162,212.21118297728395,1730.6911715455633,1.0,1.0,79.0,2023.574383375235,124.51606367823877,183.28527994416064,0.03121690600164584,150000.0
4,18,8,known,3,230.0,300.0,150.0,3466.227192818,266.9957853399166,3455.928848058315,2449.4400061758415,149.48581580766577,2444.874298348899,1.0,1.0,40.0,2850.961753750599,88.22466187258617,195.85694627436243,0.010943072000372922,150000.0
4,19,8,known,3,230.0,300.0,150.0,5722.9458144098035,313.03970310015745,5714.3779135574905,2528.1364517075945,131.38958408182225,2524.7199241990133,1.0,1.0,48.0,2618.0447291941996,96.38852840270953,174.1278322117837,0.011861578997923061,150000.0
4,20,8,known,3,230.0,300.0,150.0,2083.161568990936,116.09213975253569,2079.924214390624,1630.036074783173,108.9652582941608,1626.3899217529051,1.0,1.0,64.0,1051.3521632558927,238.9931032925223,193.71694470008566,0.019697288000315893,150000.0
4,21,8,known,3,230.0,300.0,150.0,2649.2327976720635,127.26951659477255,2646.1740090944663,2180.707897626088,136.52229788252563,2176.4302416915802,1.0,1.0,39.0,1420.5759853309773,177.27694733677984,202.9621909753773,0.01005813400115585,150000.0
4,22,8,known,3,230.0,300.0,150.0,1784.4850092564634,180.38546473249647,1775.344426406967,445.8543587978944,124.31321287116262,428.17325274324475,1.0,1.0,135.0,0.042236858913058194,5961278.723675402,166.89305760966496,0.05636223000328755,150000.0
4,23,8,known,3,230.0,300.0,150.0,4077.1485224186645,165.28741086484348,4073.796772750243,1614.374236422476,114.91134759591573,1610.2793414244447,1.0,1.0,50.0,3400.655485034135,74.4395301337894,205.5808552679068,0.013298574998771073,150000.0
4,24,8,known,3,230.0,300.0,150.0,2341.8059078874608,165.9534285394492,2335.9183140196956,1935.3580362791145,100.9206535526459,1932.7249546370163,1.0,1.0,30.0,2002.6770304420045,125.95044488934046,160.8691031056547,0.00805439000032493,150000.0
4,25,8,known,3,230.0,300.0,150.0,3251.888871712516,175.36513810665625,3247.15695683232,1168.6162927824464,125.27701532962473,1161.8819686984946,1.0,1.0,37.0,2909.0694939951136,87.04186887385413,182.45622083997014,0.018673669001145754,150000.0
4,26,8,known,3,230.0,300.0,150.0,1904.4215770769263,101.38033874377474,1901.7212125210058,1748.108965417347,85.87710907672505,1745.9983038677703,1.0,1.0,31.0,1797.3632990697765,140.5528092281489,131.20525726056465,0.008885756000381662,150000.0
4,27,8,known,3,230.0,300.0,150.0,2313.4965473763846,224.00113791081122,2302.626709854881,1711.838173512993,213.40664744692012,1698.4838931004808,1.0,1.0,146.0,1479.5028963376842,171.0681109392549,143.95300126212427,0.05124938099834253,150000.0
4,28,8,known,3,230.0,300.0,150.0,1710.5577361988408,100.70412883031037,1707.5908313487253,419.4886931929498,86.58640134842238,410.4553067244456,1.0,1.0,58.0,0.05141359047861931,4929800.567978154,237.31201528070068,0.017048549998435192,150000.0
4,29,8,known,3,230.0,300.0,150.0,1915.6976565427437,144.06645142639104,1910.2728519394207,1822.5270679235343,111.84257262990165,1819.0921230826877,1.0,1.0,38.0,1386.197609126969,182.40578220433812,158.2398552616605,0.00830793700151844,150000.0
4,30,8,known,3,230.0,300.0,150.0,2696.3508025891874,217.96542490642827,2687.5265066913694,1794.1489835270513,142.5934750035727,1788.4735603238748,1.0,1.0,41.0,2417.0049120717267,104.45274946916955,153.31176452822862,0.009425257998373127,150000.0
4,31,8,known,3,230.0,300.0,150.0,2390.263038245092,166.55513374103498,2384.4531405387615,2196.3747711680494,130.6029832576499,2192.488311528183,1.0,1.0,41.0,1424.4327682585613,176.71365565210718,187.91792815956703,0.009673131000454305,150000.0
4,32,8,known,3,230.0,300.0,150.0,2260.955301993609,168.49861690635157,2254.6678455403703,1952.2689744585828,116.50315026135479,1948.7896665912276,1.0,1.0,83.0,1701.5021279132952,148.12070469236411,216.91479659428754,0.024291211000672774,150000.0
4,33,8,known,3,230.0,300.0,150.0,1802.570728607282,232.2231307284914,1787.5496214613024,466.47071724512375,153.77095733614382,440.39689227684846,1.0,1.0,158.0,0.033449319206975456,7540342.617895658,151.89814703912546,0.0503681019981741,150000.0
4,34,8,known,3,230.0,300.0,150.0,4245.807554836433,269.2787254388753,4237.259817468377,1466.0816831343632,115.52923470814068,1461.5226640561682,1.0,1.0,33.0,3402.9087246917675,74.31542796425992,101.54076558460315,0.008987958000943763,150000.0
4,35,8,known,3,230.0,300.0,150.0,2485.8597869066693,152.74675676536776,2481.1624913450014,2011.3585617352749,106.61109823344592,2008.5311393153086,1.0,1.0,62.0,1336.0215169028127,188.67512195199618,119.59229000727545,0.01951739899959648,150000.0
4,36,8,known,3,230.0,300.0,150.0,3074.7923256169533,216.77838826796136,3067.141173153407,1068.686668290349,131.41288396983302,1060.5761872247829,1.0,1.0,82.0,2827.529244179533,89.21708821617119,172.2293572316855,0.026384673998109065,150000.0
4,37,8,known,3,230.0,300.0,150.0,2800.3360715342374,198.48647098119406,2793.292901643728,1454.6021693393782,161.60921278251132,1445.5967395475966,1.0,1.0,44.0,1085.0359631249225,231.6290917332604,264.1576151025328,0.011472596997919027,150000.0
4,38,8,known,3,230.0,300.0,150.0,1461.140595047183,75.12538220604932,1459.2080096556597,1180.6144175967904,64.23037603175602,1178.8659219064007,1.0,1.0,71.0,1623.324894951994,155.48252554694005,215.38894834234748,0.020412028999999166,150000.0
4,39,8,known,3,230.0,300.0,150.0,2634.848991439822,202.75896460236856,2627.035974242611,969.7634609606401,159.27071401600014,956.5950082826026,1.0,1.0,70.0,2556.2569934790085,98.87936664183401,159.52638297006837,0.022272633999818936,150000.0
4,40,8,known,3,230.0,300.0,150.0,3484.688015490643,142.93797269665092,3481.755204098285,1216.6218750718645,111.3828552802216,1211.5125449012091,1.0,1.0,48.0,3056.1964970906315,82.77304759929088,148.95377021859994,0.012172093000117457,150000.0
4,41,8,known,3,230.0,300.0,150.0,1939.5692137628207,217.9403853723786,1927.2858437191576,1302.7822607797802,173.94833852654378,1291.1171885333765,1.0,1.0,58.0,1062.9017651379963,237.46337606195968,148.7632349443086,0.017584346001967788,150000.0
4,42,8,known,3,230.0,300.0,150.0,2352.605128347314,89.8293471524993,2350.889529160449,1722.2913634099352,88.65752998047387,1720.0079601136194,1.0,1.0,50.0,2220.683858835543,113.57923049084418,201.54012431479933,0.016946816998824943,150000.0
4,43,8,known,3,230.0,300.0,150.0,3250.707748688029,259.61992564823225,3240.3238050520195,2589.0720794724057,151.96864468495846,2584.60824183012,1.0,1.0,71.0,2015.2315628714734,124.3031154237792,185.14692376927277,0.01946667999800411,150000.0
4,44,8,known,3,230.0,300.0,150.0,2606.0914621948796,274.16057489171135,2591.630507711331,1835.9128589455865,172.71424823675076,1827.7707225190395,1.0,1.0,35.0,1489.5167016519417,170.5193769240136,177.42950540294024,0.011214723999728449,150000.0
4,45,8,known,3,230.0,300.0,150.0,6828.4946372081595,480.84560530090096,6811.543621987854,2694.8555323556916,133.3922440711471,2691.552126467132,1.0,1.0,26.0,3129.2014372067633,80.92406048592038,142.01212785658458,0.009478249001404038,150000.0
4,46,8,known,3,230.0,300.0,150.0,5664.985737220914,529.0593213865286,5640.226913641898,2128.953840823587,179.23224953602457,2121.3958275352006,1.0,1.0,87.0,2508.6023468507196,100.72172621050309,202.07220460568655,0.024048170998867135,150000.0
4,47,8,known,3,230.0,300.0,150.0,2926.662067819692,145.499356334421,2923.043071273652,1633.7869648368694,107.72331304713535,1630.2317425130143,1.0,1.0,28.0,2673.964665893484,94.397131548828,158.5465757477574,0.009825197001191555,150000.0
4,48,8,known,3,230.0,300.0,150.0,2055.6104691237247,222.55021433634354,2043.5277837284,1328.5219215268278,157.9833990176993,1319.095046466383,1.0,1.0,44.0,2027.7615616256144,124.08760837204105,204.3470788927778,0.013009846999921137,150000.0
4,49,8,known,3,230.0,300.0,150.0,2347.5734718106537,175.1071803243832,2341.0336778756455,1224.286305619184,124.45059717842007,1217.9445828889773,1.0,1.0,67.0,2165.8388382780317,116.86538655568778,194.83709962795564,0.022549535999132786,150000.0
4,50,8,known,3,230.0,300.0,150.0,5906.855403922781,395.19173457568087,5893.620640639744,1733.4483168600045,143.74977136268066,1727.4776613484644,1.0,1.0,43.0,4472.4300657247195,56.28264532430888,136.95865976268436,0.013706693000131054,150000.0
4,51,8,known,3,230.0,300.0,150.0,3460.307160598514,178.56074852668007,3455.696992615953,1756.441779490837,86.4821699209772,1754.3114201950284,1.0,1.0,31.0,3024.6024541189986,83.5321603647693,163.68109290160902,0.00988754599893582,150000.0
4,52,8,known,3,230.0,300.0,150.0,4819.875274655502,492.23448743469356,4794.674428218808,1985.4130125556173,171.9203332239721,1977.9555681180834,1.0,1.0,95.0,2082.873836240209,121.41563341045719,190.0551469599629,0.0314856589975534,150000.0
4,53,8,known,3,230.0,300.0,150.0,2135.0147915909797,209.15111119309972,2124.7456254806048,1837.8011779317962,137.57404106765853,1832.64468810291,1.0,1.0,45.0,1328.4396393989996,189.5229622068419,173.74096343776296,0.012161431997810723,150000.0
4,54,8,known,3,230.0,300.0,150.0,3681.8079078724636,256.6422189155856,3672.852330538527,2188.5272790145964,122.52075808090122,2185.095035651839,1.0,1.0,36.0,2761.2667280893597,91.02137757709725,158.7929144945817,0.012761179001245182,150000.0
4,55,8,known,3,230.0,300.0,150.0,4388.736681119929,281.2983994917863,4379.712418258867,2537.2731588061974,176.3413941446436,2531.137845932043,1.0,1.0,40.0,3393.1759824265346,74.55299639482006,228.45935573869716,0.010870725000131642,150000.0
4,56,8,known,3,230.0,300.0,150.0,4140.457486672563,263.7957628704177,4132.045497623967,2389.678756656602,139.61809561302312,2385.596643901319,1.0,1.0,35.0,3080.168667466104,82.08110662828577,161.03860286592945,0.01120599799833144,150000.0
4,57,8,known,3,230.0,300.0,150.0,1789.8608527123904,263.51125291306886,1770.3569390550906,1363.8780374141536,138.0365938513585,1356.874791459624,1.0,1.0,44.0,1797.989042212337,139.756717985008,152.70267527408367,0.013681467997230357,150000.0
4,58,8,known,3,230.0,300.0,150.0,2962.209832469145,306.8322481375328,2946.2757954882213,1740.2538343885917,150.60809992113312,1733.7244903220183,1.0,1.0,266.0,2338.0503861840098,108.22308821864345,205.73181227489815,0.10435443199821748,150000.0
4,59,8,known,3,230.0,300.0,150.0,1890.7850891788803,120.9879547917499,1886.9102173279193,484.8303538318855,115.30380765410663,470.9198487399061,1.0,1.0,766.0,0.3405228359737177,741656.600622933,180.98834234166787,0.2567619689980347,150000.0
5,0,8,known,3,280.0,300.0,150.0,2066.3545325917953,149.50708126540454,2060.938787789234,898.689028928613,125.88618841244188,889.8284319371013,1.0,1.0,49.0,501.9376493253545,503.85526582209457,211.36338096709366,0.017601062998437556,150000.0
5,1,8,known,3,280.0,300.0,150.0,2663.6281782269007,186.23555901066433,2657.1095928479017,1938.9388900552933,148.43800305622528,1933.2486075560828,1.0,1.0,30.0,2447.6998342580628,102.96521013326259,204.94346626049696,0.008866549000231316,150000.0
5,2,8,known,3,280.0,300.0,150.0,3933.1576124486737,327.79204515275916,3919.4746050328636,2832.9489007679017,219.31798614986258,2824.4466883468044,1.0,1.0,22.0,2099.5939286551534,120.64127185629707,234.80134614654546,0.0062388980004470795,150000.0
5,3,8,known,3,280.0,300.0,150.0,2524.7254903637804,144.72287299213536,2520.574159140241,1724.0974125699593,104.34833577151575,1720.9367544602396,1.0,1.0,38.0,1037.1052038382527,243.95342635372694,214.7598460853185,0.008628736999526154,150000.0
5,4,8,known,3,280.0,300.0,150.0,1991.718766337541,236.38515417441596,1977.6414495724634,1207.3135502378789,160.2339288204268,1196.6332339705268,1.0,1.0,81.0,1220.891306324107,206.90436899772465,165.8355683411512,0.0393824950006092,150000.0
5,5,8,known,3,280.0,300.0,150.0,6889.506093258537,681.0325644829898,6855.763185463761,2320.257290862531,242.14761326514068,2307.5871444412946,1.0,1.0,32.0,5050.918600433364,49.808817278117196,254.86866008302604,0.008333589998073876,150000.0
5,6,8,known,3,280.0,300.0,150.0,3046.5097281344074,255.65813357029202,3035.7635682570763,1208.7765589391604,136.41817551512523,1201.0540582463066,1.0,1.0,41.0,2817.625332246622,89.68216839011147,214.2302286942596,0.010599320001347223,150000.0
5,7,8,known,3,280.0,300.0,150.0,3425.476723207784,321.56186384938314,3410.350238458808,2487.4129088128284,211.47167843780252,2478.4072926271406,1.0,1.0,24.0,2419.8319333497698,104.43806218517805,218.5258120854555,0.005603387999144616,150000.0
5,8,8,known,3,280.0,300.0,150.0,4845.3017739937595,348.59381396089134,4832.74576549763,1687.4951124164736,163.33961608479834,1679.5713513413943,1.0,1.0,81.0,3746.1499839828066,67.18059388683756,257.4758928663197,0.024505027002305724,150000.0
5,9,8,known,3,280.0,300.0,150.0,2479.3644401657493,162.20250251028133,2474.0530259753573,1693.2738974822141,126.06770235896727,1688.5743768980208,1.0,1.0,41.0,1019.5297030253173,247.0680794949674,264.8229114473434,0.01920964499731781,150000.0
5,10,8,known,3,280.0,300.0,150.0,916.26193936329,277.9712105715128,873.0795769110539,806.3412197164905,167.86779931219894,788.6739279118823,1.0,1.0,158.0,1354.993429989177,185.6720720002296,185.48460141711737,0.056657226999959676,150000.0
5,11,8,known,3,280.0,300.0,150.0,1647.2830054934664,89.8183909300136,1644.8325011496856,1114.1143204402176,74.5441336948161,1111.6176910888282,1.0,1.0,46.0,1891.3604083850346,133.8347669635114,188.2720436907092,0.010374962999776471,150000.0
5,12,8,known,3,280.0,300.0,150.0,2053.567167708855,209.88070503454364,2042.8137952211825,1863.5918849619557,164.7415779942166,1856.2960233152553,1.0,1.0,70.0,1228.8165481822432,205.52720922626557,232.762416171961,0.022814537998783635,150000.0
5,13,8,known,3,280.0,300.0,150.0,3286.804445414837,270.3289084732374,3275.668747544905,2053.783955537598,197.1361746395992,2044.3008253855714,1.0,1.0,37.0,2279.6454194679595,110.97356390113944,243.93864993840032,0.014008946996909799,150000.0
5,14,8,known,3,280.0,300.0,150.0,1941.1156859878217,250.3934106252049,1924.898243103632,1632.8142739871469,229.3683601595893,1616.6238303000098,1.0,1.0,38.0,1852.8147918350844,136.07784739175386,196.48182046780653,0.009382861000631237,150000.0
5,15,8,known,3,280.0,300.0,150.0,1808.0625110042452,225.70994587160732,1793.9189123351177,1161.5273384072036,167.28857009242276,1149.4173707508319,1.0,1.0,106.0,1942.569201307714,128.76531554566984,253.42462327403047,0.03452885500155389,150000.0
5,16,8,known,3,280.0,300.0,150.0,1427.6058360363743,153.51559931290902,1419.3277929543667,543.5376791214218,91.54833522168092,535.7724432469819,1.0,1.0,96.0,1838.8782200744545,136.93897249878492,177.03370398428936,0.03046015099971555,150000.0
5,17,8,known,3,280.0,300.0,150.0,7071.345634792189,570.8731875521667,7048.264530395307,2687.04944156937,129.71086362247772,2683.916875258355,1.0,1.0,32.0,3252.3353899672566,77.61531377074309,187.20736790910817,0.01232412700119312,150000.0
5,18,8,known,3,280.0,300.0,150.0,3204.8559055823403,291.57461735096257,3191.5647601235733,2670.022833459853,240.2940802919233,2659.1879749603336,1.0,1.0,26.0,1902.6422894396562,132.2130593605102,151.19099385726943,0.00838482200197177,150000.0
5,19,8,known,3,280.0,300.0,150.0,4905.589155822981,399.536313737768,4889.291942575414,2586.7052313643976,160.8139856902522,2581.701535029632,1.0,1.0,48.0,2243.5869540691965,112.60831916544915,159.05021945070163,0.014524010999593884,150000.0
5,20,8,known,3,280.0,300.0,150.0,2299.2572281921243,136.07947126200756,2295.2268251514456,1443.0781845837867,125.78490022883123,1437.585755945036,1.0,1.0,40.0,1163.9194669597866,216.5669561079971,203.23991852825222,0.0106045760003326,150000.0
5,21,8,known,3,280.0,300.0,150.0,1390.6706776363553,198.77673059428125,1376.3912034780694,1359.668501519883,134.26780129328583,1353.0227609176393,1.0,1.0,112.0,1290.0193926319987,195.480843470279,167.71733314057693,0.03263258199876873,150000.0
5,22,8,known,3,280.0,300.0,150.0,7393.217088925102,711.2969301015926,7358.920817701616,2732.2657335019226,202.7692666055581,2724.731301062371,1.0,1.0,53.0,3523.4645252413243,71.44964374033704,253.2722161809032,0.013546702997700777,150000.0
5,23,8,known,3,280.0,300.0,150.0,1985.8349472006023,110.4741736477518,1982.7596663438728,1423.1408375796398,74.01047013526143,1421.2150765796273,1.0,1.0,76.0,969.1766325020295,261.2808533816026,212.22054324701259,0.029707719000725774,150000.0
5,24,8,known,3,280.0,300.0,150.0,3409.537327310582,254.06213356680087,3400.0584139999237,2462.9255253484284,152.5752874382691,2458.1950543185058,1.0,1.0,27.0,2082.680697310519,121.26178317447544,168.07425080477907,0.01465293900037068,150000.0
5,25,8,known,3,280.0,300.0,150.0,2254.895329701718,221.03254769200234,2244.0359981006104,1493.5523491520305,157.7346570309617,1485.1997837425354,1.0,1.0,79.0,2207.8352069218995,114.35108682580008,270.97892821320096,0.039346140998532064,150000.0
5,26,8,known,3,280.0,300.0,150.0,2349.6327364899844,216.22224988495793,2339.662782334262,758.681794905812,137.3342360623183,746.148358925143,1.0,1.0,84.0,2385.370984659261,105.93199668100173,192.51593515819118,0.026358152001193957,150000.0
5,27,8,known,3,280.0,300.0,150.0,2005.2272032147473,152.41541643167292,1999.4263370643082,1049.4986519796212,123.43935454717217,1042.214059709434,1.0,1.0,494.0,865.2157822252427,292.1578033107804,215.1034817574514,0.16802919800102245,150000.0
5,28,8,known,3,280.0,300.0,150.0,2961.192568029251,286.0126781458636,2947.347650497223,2112.811171876131,153.66010680113456,2107.2160827932325,1.0,1.0,45.0,2190.6000032269017,115.25507904663651,188.29796638026664,0.011468586002592929,150000.0
5,29,8,known,3,280.0,300.0,150.0,2767.7270513095937,268.1896442711532,2754.70276894924,1551.2271024182335,208.00978591350628,1537.2174381788302,1.0,1.0,61.0,1077.458836579194,234.69067359695234,268.6075727679756,0.020651551996706985,150000.0
5,30,8,known,3,280.0,300.0,150.0,1918.2597463551087,164.41418697443336,1911.20078212832,1373.4271253355082,146.37891688995572,1365.6043648500402,1.0,1.0,76.0,879.5167178026679,285.90341677183835,179.65431985268705,0.02557914900171454,150000.0
5,31,8,known,3,280.0,300.0,150.0,2686.630205746147,245.99600208437232,2675.344431916401,1886.6458879768084,189.02090672159272,1877.1531113475924,1.0,1.0,40.0,1321.503130758439,190.37376582242004,192.33811801055853,0.01123215000188793,150000.0
5,32,8,known,3,280.0,300.0,150.0,7739.436335494645,607.3569759040025,7715.56817706872,2685.6649709689314,118.75072915406368,2683.0383151596866,1.0,1.0,56.0,3680.9632753714827,68.67828528864023,196.99132708973238,0.014622786999098025,150000.0
5,33,8,known,3,280.0,300.0,150.0,2073.496502744208,223.68986053735762,2061.3953025039227,1723.854278351048,204.5869887633838,1711.6710364488683,1.0,1.0,33.0,1735.0720458753665,145.69420371953467,180.79944197170852,0.009869211000477662,150000.0
5,34,8,known,3,280.0,300.0,150.0,3509.8766349185435,291.8127071753124,3497.724880015313,2085.469735490044,148.45077542030853,2080.1794117147742,1.0,1.0,55.0,2851.588381857464,88.3292834472062,238.49647181888233,0.01514563699674909,150000.0
5,35,8,known,3,280.0,300.0,150.0,5827.785603873181,493.6852986767703,5806.837338050887,2867.574107275876,202.8556233718511,2860.38998333889,1.0,1.0,37.0,4191.796181058647,60.170166446828944,185.71462355809666,0.010478005002369173,150000.0
5,36,8,known,3,280.0,300.0,150.0,1328.1233429286287,182.8232001190247,1315.4798711991589,1126.0787022703207,154.4661175364173,1115.4342034562303,1.0,1.0,40.0,961.3516023018054,262.5921435910078,234.5367582950764,0.00917486699836445,150000.0
5,37,8,known,3,280.0,300.0,150.0,5146.76342052225,347.5586142590788,5135.014772761632,2609.6993357191404,153.29028789630246,2605.193411340047,1.0,1.0,24.0,4046.9468855460977,62.59961182962248,226.20034479520896,0.008188085001165746,150000.0
5,38,8,known,3,280.0,300.0,150.0,5353.309654956769,369.0276609926259,5340.5751419931985,2281.1934905705893,167.2697992288687,2275.0526489924496,1.0,1.0,56.0,2482.9428349014684,101.9596589330687,176.68958429578535,0.020512300998234423,150000.0
5,39,8,known,3,280.0,300.0,150.0,5864.810070147516,473.05474706450593,5845.7006735876785,2821.470906291687,207.841479438107,2813.805251696608,1.0,1.0,35.0,4255.262552064855,59.33767980597824,216.0255093269232,0.011863775001984322,150000.0
5,40,8,known,3,280.0,300.0,150.0,3304.436979291508,308.9228652878615,3289.9651082361843,2116.194147201477,178.31697343761994,2108.6679979631294,1.0,1.0,35.0,2904.7627226318227,86.81283419816434,204.8817467267931,0.010164150000491645,150000.0
5,41,8,known,3,280.0,300.0,150.0,1627.247086920822,203.75173245529524,1614.4405574110701,1212.857624494185,152.61474743719586,1203.2175016007532,1.0,1.0,54.0,1781.7840261449257,141.27758363227943,166.50602872924594,0.014465801999904215,150000.0
5,42,8,known,3,280.0,300.0,150.0,1668.302340475364,131.85796383885196,1663.083334234292,1425.668936084167,103.38445163660313,1421.9154582728042,1.0,1.0,38.0,1408.5216955031565,179.52228649519165,182.84283632349064,0.009939583997038426,150000.0
5,43,8,known,3,280.0,300.0,150.0,4883.701671051432,296.636693905497,4874.684470164132,1779.0162418165119,167.3394058751258,1771.1285418874334,1.0,1.0,41.0,3855.4958193397915,65.65059787338106,239.240244280906,0.00976996199824498,150000.0
5,44,8,known,3,280.0,300.0,150.0,3676.6897228298963,312.49512668678256,3663.3856081171675,1691.0470397317108,173.1300709336345,1682.1611305472186,1.0,1.0,68.0,3022.6682494265374,83.39501192344399,216.96929739632452,0.02008605999799329,150000.0
5,45,8,known,3,280.0,300.0,150.0,1758.0890205434785,230.83568840488832,1742.8688674464781,445.97291298770034,171.51771611116794,411.6716072049951,1.0,1.0,49.0,0.26427825975911584,958254.0823254985,212.6498077906625,0.012351590998150641,150000.0
5,46,8,known,3,280.0,300.0,150.0,3001.6253493158606,218.47860568229797,2993.6636144554855,1965.515532959846,141.37727816765687,1960.4243865868261,1.0,1.0,41.0,2185.8910307996744,114.91786930705214,167.22816780491038,0.009786384001927217,150000.0
5,47,8,known,3,280.0,300.0,150.0,2853.463602383564,278.35592841012624,2839.8543109192633,1530.7895249267115,174.18628738500368,1520.847036000786,1.0,1.0,333.0,2423.691000076896,103.94420507895306,250.08680405172126,0.11601712199990288,150000.0
5,48,8,known,3,280.0,300.0,150.0,1605.7651213315967,131.35579163669527,1600.3834793225574,1328.5733386209176,109.64595316148947,1324.041117582698,1.0,1.0,86.0,1417.3393594355612,178.27041269308432,224.93518672739796,0.03909125199788832,150000.0
5,49,8,known,3,280.0,300.0,150.0,4959.775639335508,409.05540657681837,4942.878520345833,2567.9458022165522,167.54802207814578,2562.4740590724646,1.0,1.0,37.0,2155.712235310484,116.7183162707502,203.6250838477066,0.021121350000612438,150000.0
5,50,8,known,3,280.0,300.0,150.0,1532.8389581934014,121.5339224214172,1528.0133433502133,1169.2177365604773,87.92015080100155,1165.907441682544,1.0,1.0,41.0,1695.243681121076,148.72016765525666,180.71884575595453,0.015208925000479212,150000.0
5,51,8,known,3,280.0,300.0,150.0,3595.185340749217,235.72573791985312,3587.4490952235415,1734.9151578868791,184.31399647943078,1725.0967960573794,1.0,1.0,52.0,1451.0041316083086,173.62416296629954,235.55745742194287,0.015997367998352274,150000.0
5,52,8,known,3,280.0,300.0,150.0,3204.832124027098,156.20236048891235,3201.0232373061167,2108.605435224612,87.67441926837326,2106.7819245628457,1.0,1.0,51.0,2650.3250086886733,95.06408980239917,266.64250027531114,0.014871878000121797,150000.0
5,53,8,known,3,280.0,300.0,150.0,1590.6565704755158,306.2515908796345,1560.8966295948692,664.1454456994287,194.78943025953475,634.9379898088149,1.0,1.0,247.0,1956.3714735760877,129.21039766130113,210.9613482492339,0.07496681200063904,150000.0
5,54,8,known,3,280.0,300.0,150.0,5221.830583278562,442.4327868355967,5203.053706199486,1664.3248140008532,167.04389026995344,1655.9207182780383,1.0,1.0,48.0,4083.3938746137037,61.66723170481913,272.72376700667826,0.013501942001312273,150000.0
5,55,8,known,3,280.0,300.0,150.0,4134.537151097673,182.28145436188944,4130.5170287994915,1019.1422447380589,172.123122452935,1004.502138239029,1.0,1.0,31.0,3479.8279576756477,72.36075021648452,154.8528950770775,0.005614019999484299,150000.0
5,56,8,known,3,280.0,300.0,150.0,6137.935002401921,494.2401653106965,6118.003984364862,2483.9347580061985,196.0078622652407,2476.189168856354,1.0,1.0,38.0,4613.807889781179,54.51602266731414,224.98994344331126,0.011503274999995483,150000.0
5,57,8,known,3,280.0,300.0,150.0,3968.559947152931,248.19738224782654,3960.7910969390696,2142.7643957049704,138.89226228100264,2138.2582152255027,1.0,1.0,39.0,3134.9740221390994,80.87273457744041,197.799071697099,0.01122620000023744,150000.0
5,58,8,known,3,280.0,300.0,150.0,3197.1482269699754,223.08178873335365,3189.3559382346752,1500.9074776530156,140.41615999833923,1494.3247834677902,1.0,1.0,83.0,1255.9905245895893,200.81720707634145,211.44299980459607,0.027093893000710523,150000.0
5,59,8,known,3,280.0,300.0,150.0,3429.09039300405,282.03714146846556,3417.472161441109,1250.9401641882257,125.82968975958435,1244.5955903643044,1.0,1.0,205.0,1273.2521290546283,198.71437901073853,223.94470743204926,0.11044492399742012,150000.0
