condition_id,trial_id,n_anchors,gauge,dof,sigma_r_mm,sigma_deploy_mm,sigma_v_mm,rmse_anchor_abs_mm,rmse_anchor_abs_h_mm,rmse_anchor_abs_v_mm,rmse_anchor_shape_mm,rmse_anchor_shape_h_mm,rmse_anchor_shape_v_mm,converged,rigidity_ok,iterations,rigidity_min_singular,rigidity_cond,rms_residual_mm,tag_positionable,tag_total,rmse_tag_mm,rmse_tag_h_mm,rmse_tag_v_mm,rmse_tag_trueanchor_mm,delta_rmse_tag_mm,delta_rmse_tag_h_mm,delta_rmse_tag_v_mm,coverage,coverage_100mm,pdop_true,pdop_est,vdop_true,vdop_est,pdop_overconfidence,compute_time_s,r_max_mm,known_z_max_mm
0,0,8,known,2,100.0,300.0,150.0,145.2348491530308,78.8013629004414,121.9979779075725,79.67559898691476,54.29818967462809,58.30872723685335,1.0,1.0,5.0,76080.57182097294,3.320889118973746,87.98061724405574,882.0,882.0,6147.3852832515995,120.91837724479707,6146.195942758645,5514.2792921355485,633.105991116051,6.005303059612615,633.114127924383,0.024943310657596373,0.009070294784580499,11.82151237126152,11.548918751463852,11.800100890060442,11.526860483604203,5.322909802679497,0.2789101529997424,150000.0,2900.0
0,1,8,known,2,100.0,300.0,150.0,78.33144044943316,62.55007994138188,47.151904120722726,54.32620313710975,35.415929483875495,41.195245916096574,1.0,1.0,12.0,76064.66450608164,3.32025540828274,118.96940648312695,882.0,882.0,5945.220475403204,116.76786531527796,5944.073667678018,5788.308244953164,156.91223045003971,4.436074459445578,156.85551839801246,0.032879818594104306,0.007936507936507936,11.818631200188214,11.540838245363531,11.794642455263054,11.517066999084005,5.151463307088342,0.29816841399951954,150000.0,2900.0
0,2,8,known,2,100.0,300.0,150.0,106.66986602114355,49.97086797730673,94.24103496122746,74.51283548867792,43.71156296367925,60.34452680927314,1.0,1.0,7.0,76173.19673254227,3.2978271301327227,81.58223345025274,882.0,882.0,6464.354850941494,123.36242188662358,6463.177651260802,5770.513152821174,693.84169812032,5.18076954323783,693.8748212880546,0.024943310657596373,0.009070294784580499,11.979745217768414,11.51884421102476,11.956815208240377,11.496762312940156,5.61198218546477,0.29244822800319525,150000.0,2900.0
0,3,8,known,2,100.0,300.0,150.0,96.92576527686145,66.36371377099891,70.64319832104272,60.21509979646322,39.036147022098326,45.847982171161576,1.0,1.0,14.0,76116.42127959787,3.3187242371101138,80.73506105300294,882.0,882.0,5758.34981201515,125.00077729096233,5756.992909776038,5607.148712561263,151.20109945388685,12.17517847981172,150.97943592223965,0.030612244897959183,0.006802721088435374,11.288047686776848,11.563992979154019,11.265628969266618,11.542002739269499,4.979551459773034,0.2986528800029191,150000.0,2900.0
0,4,8,known,2,100.0,300.0,150.0,141.57135524843164,51.6898922744278,131.79758595488644,125.39719652403934,49.92331849399761,115.03094873396212,1.0,1.0,9.0,75916.35983792022,3.3317726493969895,83.93538681388911,882.0,882.0,5920.734696200329,115.3008517477752,5919.611900823958,5903.29797132054,17.436724879789836,-3.0288870491050375,17.499989726926287,0.023809523809523808,0.0045351473922902496,11.960376382381156,11.536948129626033,11.938941836134255,11.513171214428285,5.131976524186946,0.3321019260001776,150000.0,2900.0
0,5,8,known,2,100.0,300.0,150.0,151.6828063157818,55.46482166375612,141.178352765708,99.46934257307576,49.00361546518588,86.5609368206011,1.0,1.0,8.0,76036.21854850714,3.3234556885602364,95.04879571096183,882.0,882.0,5955.005063608074,117.13407690989769,5953.852947094366,6127.420514687002,-172.41545107892762,1.6898024170065185,-172.47995140975672,0.026077097505668934,0.005668934240362812,11.422563337873164,11.545811413541532,11.399779347399814,11.522688581954924,5.157718977311315,0.2842938169997069,150000.0,2900.0
0,6,8,known,2,100.0,300.0,150.0,131.42660373682318,86.75902038239784,98.72094282411723,90.93357404952934,65.90161023663062,62.65694420924514,1.0,1.0,11.0,76070.03153823817,3.3070979796798405,73.84264063859852,882.0,882.0,6156.254516338292,123.34073313509371,6155.018824787241,5789.788086083925,366.46643025436697,9.034517388220792,366.35920698270274,0.032879818594104306,0.012471655328798186,11.345938486828082,11.535023975782558,11.323305940304845,11.511241255111383,5.337010594224309,0.24524412999744527,150000.0,2900.0
0,7,8,known,2,100.0,300.0,150.0,53.34808286181729,29.250295672329337,44.6143267136537,46.360195013899464,25.361464261915796,38.80803798465412,1.0,1.0,10.0,75981.74046607333,3.3272732353709094,80.97956623442784,882.0,882.0,6257.748642995528,120.05551487512957,6256.596898655086,6215.00115727361,42.747485721917656,1.0168196271313121,42.73584662423218,0.023809523809523808,0.005668934240362812,11.566695456143204,11.58564191552969,11.544649309400086,11.562106690063555,5.401296439697037,0.2914095880005334,150000.0,2900.0
0,8,8,known,2,100.0,300.0,150.0,136.70446091227208,77.58000239126673,112.5586640924899,118.95568219869469,40.85176849667842,111.72102460168652,1.0,1.0,8.0,75978.52498806901,3.3269084736812324,105.31042758558533,882.0,882.0,6371.355021813126,123.57959918381306,6370.156426387731,6164.453990981747,206.9010308313791,7.544067728978192,206.79461951878875,0.027210884353741496,0.005668934240362812,11.414623016809772,11.565031028618453,11.392236754133874,11.54197408204863,5.5091551471386255,0.2547990050006774,150000.0,2900.0
0,9,8,known,2,100.0,300.0,150.0,133.32154585069023,81.65386813808671,105.39108314324152,99.69469059562982,67.54403059486596,73.3269068211538,1.0,1.0,6.0,76094.23781043229,3.319649948457075,78.34184384596495,882.0,882.0,6625.694119200877,124.39659975292086,6624.526250773184,5893.5808790472665,732.1132401536106,7.02721941952737,732.1141804549761,0.017006802721088437,0.003401360544217687,11.880307575002439,11.522767058862897,11.858897357300958,11.498962346173242,5.750089440630176,0.22773498099923017,150000.0,2900.0
0,10,8,known,2,100.0,300.0,150.0,157.6589861748108,76.06350148841678,138.09670402652915,110.85894924684135,44.532710171811246,101.52115224359507,1.0,1.0,6.0,76009.5550783081,3.323928744044451,72.88818973898665,882.0,882.0,6441.616392962688,124.67093952793459,6440.409840291443,7079.859255813328,-638.2428628506395,0.16805501566157943,-638.3546079631933,0.01927437641723356,0.0045351473922902496,11.543389083863035,11.527196751238883,11.5213209158884,11.501638967118197,5.58818985393858,0.3017597569996724,150000.0,2900.0
0,11,8,known,2,100.0,300.0,150.0,199.1745273401706,47.67193932588274,193.3853110815031,153.01859238716992,37.608581773919724,148.32492775358173,1.0,1.0,6.0,76125.1563470013,3.3222441999527095,78.34067370034938,882.0,882.0,6022.971969658059,122.20413447495159,6021.732101048991,6123.145629413333,-100.17365975527446,-2.3426161603630504,-100.14673684953323,0.015873015873015872,0.0045351473922902496,12.756131281927168,11.538094140417504,12.735895689116187,11.514208186122667,5.220075253641602,0.30243734499890707,150000.0,2900.0
0,12,8,known,2,100.0,300.0,150.0,118.17856001096123,42.12201924549236,110.41697125418148,89.0921930135764,36.966928604398824,81.06087246955606,1.0,1.0,5.0,76049.07846566488,3.321155154824725,63.62711865795306,882.0,882.0,6115.5041961801435,123.64268840004625,6114.254170305823,6593.148670032822,-477.64447385267886,-1.5539911867320484,-477.70571857214236,0.032879818594104306,0.012471655328798186,11.835385726232309,11.576325979004032,11.813735224635211,11.554387638605295,5.2827677859727045,0.26170466500116163,150000.0,2900.0
0,13,8,known,2,100.0,300.0,150.0,118.98061655918394,39.325393639900035,112.29381341761649,67.41956617900307,29.693205302473825,60.52860036900007,1.0,1.0,11.0,75913.52881208419,3.339581983266584,99.07035314087001,882.0,882.0,5918.632335871794,120.35713845964493,5917.408460335403,5863.028074201082,55.60426167071182,4.4269900011650805,55.5266464851411,0.032879818594104306,0.006802721088435374,11.134234406956056,11.544101102923374,11.11151874851566,11.520240113883538,5.126975485664265,0.2412829770000826,150000.0,2900.0
0,14,8,known,2,100.0,300.0,150.0,110.64986180870078,79.71154960036047,76.74282232622052,98.70437793764397,65.0612588816358,74.22659103578735,1.0,1.0,9.0,75997.82606617115,3.3308440375024064,97.08521370604315,882.0,882.0,6056.188440461004,124.51047307725653,6054.908386463627,5845.988050575393,210.200389885611,5.418149686903192,210.13351432528543,0.02040816326530612,0.009070294784580499,11.758183754129695,11.568400333968366,11.736606983182238,11.546320222602393,5.23511312335741,0.26401727400298114,150000.0,2900.0
0,15,8,known,2,100.0,300.0,150.0,109.94396474570384,59.249192682562736,92.61322017114577,87.70687880096042,36.24489319373194,79.86741705089332,1.0,1.0,6.0,76165.09235545517,3.30760865103043,87.97038035141905,882.0,882.0,6288.017874479662,119.32545057357343,6286.885574481307,5751.983225635319,536.0346488443429,5.900339531283734,536.0207897576101,0.027210884353741496,0.011337868480725623,11.70127260555941,11.608808599864158,11.6778807536022,11.586925607878525,5.416591909830646,0.2860988980028196,150000.0,2900.0
0,16,8,known,2,100.0,300.0,150.0,131.1848390175234,64.43738996875413,114.26847667693936,107.84745787287979,54.08628342736065,93.30459857186995,1.0,1.0,6.0,76185.17893345376,3.2934656545860514,73.11110120151386,882.0,882.0,6070.1128853506625,127.81696403390784,6068.767030015677,6258.024559397156,-187.91167404649332,9.503854810494772,-188.13902603182214,0.012471655328798186,0.0022675736961451248,11.647276453038428,11.542067019269545,11.625428298764549,11.518195962933794,5.259121156736116,0.3455065950001881,150000.0,2900.0
0,17,8,known,2,100.0,300.0,150.0,100.95673079429983,69.58993890535274,73.14028914231882,82.28022682538356,55.64910172314672,60.60703922683766,1.0,1.0,7.0,75915.31214509114,3.339532937347001,125.9986162888584,882.0,882.0,6049.180659886429,121.48187433344114,6047.960714997448,5873.851992196193,175.3286676902353,6.560831564735267,175.23303697966458,0.035147392290249435,0.009070294784580499,11.676898484735162,11.607410778826342,11.655056708149363,11.585447876218346,5.21148150535091,0.25903587399807293,150000.0,2900.0
0,18,8,known,2,100.0,300.0,150.0,43.02225698926525,20.64734561993747,37.743896397977146,35.391930907744516,18.24047341266352,30.329423058483602,1.0,1.0,7.0,76073.43031999553,3.318470087093109,97.59918955627441,882.0,882.0,6003.122143977421,119.72919769356132,6001.928056444172,5903.248944385509,99.87319959191154,1.6266534571831244,99.86063151301369,0.02947845804988662,0.0045351473922902496,11.495674006791731,11.546497307016185,11.472289863283187,11.523303290869272,5.199085042292129,0.28297588100031135,150000.0,2900.0
0,19,8,known,2,100.0,300.0,150.0,122.19527719631114,86.1365472285383,86.67283888640723,103.98304423924476,68.1568708647987,78.53097760234421,1.0,1.0,10.0,76077.81698421066,3.314083568691228,75.85917281994725,882.0,882.0,6302.206489182742,122.47273240373251,6301.0163515193835,5909.5753812294615,392.63110795328066,6.87294993875166,392.57172736258326,0.024943310657596373,0.0045351473922902496,11.522114542073885,11.528661413234108,11.499988297894946,11.504869223572026,5.466555277569557,0.25526655999783543,150000.0,2900.0
0,20,8,known,2,100.0,300.0,150.0,81.24699555278977,34.353013949316434,73.62706512521814,77.15305712944306,30.504497826628743,70.8665636020564,1.0,1.0,9.0,75975.2072073777,3.3320703766531157,73.26326480371927,882.0,882.0,5956.361707893701,127.38389562346174,5954.999423878911,5873.882001406155,82.47970648754654,5.263786054707239,82.38702007750908,0.023809523809523808,0.009070294784580499,11.539202868149037,11.578838388768432,11.517252554991622,11.556921880989815,5.144178982298795,0.2434633280026901,150000.0,2900.0
0,21,8,known,2,100.0,300.0,150.0,118.47682715674931,57.57252799967307,103.54787584908301,66.50424454551673,47.75117667465626,46.28865594025879,1.0,1.0,8.0,76087.1694826353,3.3162909121613553,92.53883694815198,882.0,882.0,6623.243044030939,123.12801921081204,6622.098452242269,6497.206133815278,126.03691021566101,5.126876249076773,125.96396506094152,0.027210884353741496,0.009070294784580499,11.136633303951605,11.544127539034264,11.113984320578822,11.521023316562736,5.737326637838769,0.31285463600215735,150000.0,2900.0
0,22,8,known,2,100.0,300.0,150.0,114.47330819823516,84.09983758827713,77.661802757041,73.25028448011633,56.50066189859151,46.61844464843311,1.0,1.0,6.0,76194.69638867043,3.3119455564751497,85.74520656413,882.0,882.0,6077.509298820229,124.3712448725165,6076.236587781553,6058.706627646743,18.802671173485578,7.615102889945746,18.655056906386562,0.030612244897959183,0.01020408163265306,11.894208816931265,11.570937388219122,11.872791241361186,11.546657432278607,5.252391482999474,0.2791343630015035,150000.0,2900.0
0,23,8,known,2,100.0,300.0,150.0,151.36380345632483,54.1021457093244,141.36463074762358,109.41313309372232,35.860999200804976,103.3693495660317,1.0,1.0,7.0,76044.71386476416,3.318475151527125,93.3356473968259,882.0,882.0,6197.135559473484,113.5665657670511,6196.094881264377,6339.758983548477,-142.62342407499273,-4.114041075931695,-142.57179590493797,0.02947845804988662,0.005668934240362812,12.359580515222568,11.600448853186531,12.338668695029135,11.578564952145761,5.342151530430817,0.24237809699843638,150000.0,2900.0
0,24,8,known,2,100.0,300.0,150.0,100.8682295233211,57.37312066170235,82.96218869284446,57.85983353119022,35.088487514637094,46.00606894956578,1.0,1.0,7.0,75870.37571459133,3.3439748515275025,104.24440984121286,882.0,882.0,6020.657092870384,120.49953767897561,6019.451112132203,6195.181696894045,-174.5246040236607,2.0886782246335116,-174.59886553945398,0.02040816326530612,0.009070294784580499,11.505999512220559,11.577364521806027,11.482258096360813,11.555437740273657,5.200369290895561,0.23855495199677534,150000.0,2900.0
0,25,8,known,2,100.0,300.0,150.0,89.54205044970028,53.89038631378627,71.50947532801193,64.8171404519564,52.29643370346678,38.2928807778619,1.0,1.0,7.0,76029.08658037476,3.3248446576971222,82.36043128274461,882.0,882.0,5764.76624779539,115.93056953730598,5763.6004367728065,5442.638597117662,322.1276506777276,1.0540401557618964,322.1743110377365,0.02040816326530612,0.006802721088435374,11.882033039991589,11.60355569096447,11.860615144323468,11.58157669029238,4.968103227430825,0.27636090200030594,150000.0,2900.0
0,26,8,known,2,100.0,300.0,150.0,90.69654710665787,60.053875530961704,67.96613635320143,75.31541676223382,54.0397214492161,52.46065676066306,1.0,1.0,13.0,76120.66388950229,3.300181802553709,86.00212767886013,882.0,882.0,6434.884856773056,122.52482746715964,6433.718270687747,5600.328647950183,834.5562088228726,6.700084690190124,834.58748153733,0.024943310657596373,0.007936507936507936,11.541218919007145,11.573669439468594,11.519170485580847,11.551754424410317,5.559934893966104,0.2645814390016312,150000.0,2900.0
0,27,8,known,2,100.0,300.0,150.0,103.74675512433069,82.42012287755887,63.01041615221989,65.11312604301487,56.36787679232404,32.59419655427815,1.0,1.0,6.0,76054.01546824434,3.315629241806488,86.60043771975064,882.0,882.0,5949.662370630553,121.34930846640694,5948.424721708419,6026.89781567151,-77.23544504095753,5.275708271412213,-77.35524439420897,0.018140589569160998,0.0045351473922902496,11.472197479216666,11.564829146552714,11.450120256403904,11.541113596754709,5.144617611929052,0.24810938099835766,150000.0,2900.0
0,28,8,known,2,100.0,300.0,150.0,159.33956480010653,44.74199496677409,152.92890765672954,136.19404584652239,32.657528018826866,132.2206639967603,1.0,1.0,6.0,76078.68320306951,3.3088718169067595,84.88784874249694,882.0,882.0,5945.188641715745,118.39837896256134,5944.009573465115,5238.823626479644,706.3650152361006,7.278661484260269,706.364549434862,0.026077097505668934,0.006802721088435374,11.174825329131377,11.5156644404932,11.151143988900088,11.490094234296476,5.162697013652405,0.26261230900126975,150000.0,2900.0
0,29,8,known,2,100.0,300.0,150.0,129.2387352182891,54.8775243586417,117.0090082048802,98.2652196683554,45.40968796126098,87.14363795327259,1.0,1.0,12.0,76023.11494424808,3.329114771647666,86.97272232787755,882.0,882.0,6296.883639223419,119.26578492794239,6295.754064325025,6195.799397054642,101.08424216877665,1.9254568200702238,101.06590300954213,0.015873015873015872,0.0045351473922902496,11.495251989288949,11.579399555390635,11.471386313299709,11.555631307894888,5.438005320657571,0.30623515600018436,150000.0,2900.0
0,30,8,known,2,100.0,300.0,150.0,89.62611770183203,59.732982226330336,66.8192472918661,73.21445265347587,32.3684975686483,65.67066653001528,1.0,1.0,8.0,76013.81063897864,3.3236617007098817,86.25396480639311,882.0,882.0,6236.112141986255,123.71317120581114,6234.884898592643,6059.025561644228,177.08658034202654,7.98553482264245,176.96463906171175,0.021541950113378686,0.003401360544217687,11.379965968951645,11.531648291556706,11.35755421371497,11.507858794602946,5.407823742380557,0.26112100499813096,150000.0,2900.0
0,31,8,known,2,100.0,300.0,150.0,110.94710536351482,67.64173974253488,87.94234038929164,83.20637167766886,51.07257210184373,65.68784260930137,1.0,1.0,11.0,76136.58682961925,3.2978776891917154,90.94059544437548,882.0,882.0,6284.875747670224,125.23321943860037,6283.627917405867,6535.526221698505,-250.65047402828077,-0.8947904873781312,-250.68112943457436,0.02040816326530612,0.01020408163265306,11.722671562613233,11.535654470495217,11.700840875853352,11.50759304328825,5.448217752833246,0.24713943399910931,150000.0,2900.0
0,32,8,known,2,100.0,300.0,150.0,125.88500575304374,72.84772083478137,102.66569165315946,109.46780005906437,50.92643582599313,96.90045089591841,1.0,1.0,6.0,76070.0373664123,3.3211251462992313,102.13764450799535,882.0,882.0,6239.4206456394795,123.06838403753375,6238.20680693439,6380.363655293985,-140.94300965450566,6.259220245552413,-141.08751086053599,0.02834467120181406,0.009070294784580499,11.741652926063901,11.559403147098887,11.719831466329513,11.537445968169,5.397701391879747,0.25540069000271615,150000.0,2900.0
0,33,8,known,2,100.0,300.0,150.0,131.0689132770122,55.77084687780183,118.61143564660925,121.19128430099673,52.36958385418732,109.29205862030533,1.0,1.0,8.0,76040.6234767112,3.321417952460947,71.92833945928295,882.0,882.0,6531.308131495119,121.20502747231107,6530.183400935206,6465.8675383232585,65.4405931718602,1.2158522273641381,65.42929726146122,0.01927437641723356,0.006802721088435374,11.649974035532143,11.566551362820512,11.628075250163917,11.54346946372554,5.64672038070858,0.33391841300181113,150000.0,2900.0
0,34,8,known,2,100.0,300.0,150.0,95.44603483981994,63.97522023293105,70.83160850066933,81.30097400861762,52.74666078685171,61.86790889133652,1.0,1.0,7.0,76086.09384816344,3.3124936164794176,80.91554542836941,882.0,882.0,6374.791454074488,125.575888480653,6373.554485463619,6013.4379954027145,361.3534586717733,6.91792937261944,361.287291360105,0.021541950113378686,0.0022675736961451248,11.27261594350546,11.537852174313208,11.250122102945436,11.514543259306086,5.5251110499289675,0.28802654600076494,150000.0,2900.0
0,35,8,known,2,100.0,300.0,150.0,102.99330776063621,57.54444243983055,85.41813968804377,86.48493772615002,45.07597113893931,73.80922218380002,1.0,1.0,5.0,76032.79564349519,3.312542674391523,76.26451888667923,882.0,882.0,6371.396012962584,120.05211680393263,6370.264880147953,6102.6952459207005,268.7007670418834,3.527656485616504,268.6821908180236,0.021541950113378686,0.009070294784580499,11.550012491091195,11.533566303004108,11.524507077806579,11.511346474134687,5.52422021565268,0.24479977999726543,150000.0,2900.0
0,36,8,known,2,100.0,300.0,150.0,143.70851347330105,66.25951937250797,127.52181357411048,99.76444341340672,51.62314431669258,85.36975541984856,1.0,1.0,6.0,76122.94686291911,3.3132968885997998,74.80209597542841,882.0,882.0,6546.35114218735,120.56341394008395,6545.240846602724,5816.027292222972,730.3238499643776,10.380990274441842,730.2573300828662,0.02834467120181406,0.0045351473922902496,11.018651431859297,11.522601525722054,10.995761428825247,11.500667796543656,5.681313484262946,0.2755859850003617,150000.0,2900.0
0,37,8,known,2,100.0,300.0,150.0,82.47629682219777,42.71532743329393,70.55310297761365,68.315761339095,35.095844891466825,58.61164490691495,1.0,1.0,10.0,76050.2694746525,3.3200367018722994,100.83481606571297,882.0,882.0,6537.098370381045,120.82951362604423,6535.981589071027,6660.613418677666,-123.51504829662099,-0.47536529940738603,-123.52711949133027,0.031746031746031744,0.006802721088435374,11.780963802466033,11.551227591616536,11.759361601414593,11.52924705058987,5.659223938350444,0.26961162900261115,150000.0,2900.0
0,38,8,known,2,100.0,300.0,150.0,100.55192459106897,58.508886106166145,81.77652343786508,79.84228829186092,53.69340198146116,59.09153563191479,1.0,1.0,11.0,75960.84668704045,3.3280668620714335,85.10447433317054,882.0,882.0,6249.593885802997,124.08667888664537,6248.361884013208,5502.559366901191,747.0345189018053,10.562132857778053,746.9737170392591,0.026077097505668934,0.006802721088435374,11.703668547168437,11.546222710911547,11.68071855120057,11.52406116082015,5.412673947382751,0.24964465200173436,150000.0,2900.0
0,39,8,known,2,100.0,300.0,150.0,90.28733754033898,57.77541095928204,69.3815912804627,65.84413653631665,39.793349042659344,52.4589333496421,1.0,1.0,5.0,76057.26691075717,3.3309951856068714,81.53303348451462,882.0,882.0,6095.9781487074615,117.97381534777428,6094.836484140582,5855.566254068578,240.4118946388835,4.075794165515191,240.3780637094069,0.026077097505668934,0.0045351473922902496,11.374933441434848,11.548132462148708,11.352585291200192,11.526149480259331,5.278756689610409,0.2680218829991645,150000.0,2900.0
0,40,8,known,2,100.0,300.0,150.0,101.01312675543346,71.952103480257,70.89814230059669,81.83342387204624,63.61727045255744,51.473800741621446,1.0,1.0,11.0,76059.03409229436,3.310526552128659,76.39616434853754,882.0,882.0,6271.035346856584,128.06113673301857,6269.727638963539,6478.497340342432,-207.46199348584832,6.153736553692852,-207.62261979239065,0.022675736961451247,0.0045351473922902496,11.681767569782233,11.611642755181052,11.659957498203479,11.589770469225407,5.4006444041335,0.2544179450014781,150000.0,2900.0
0,41,8,known,2,100.0,300.0,150.0,143.75330117121044,82.93689799030473,117.41585305812211,127.72963824472299,72.99324395360765,104.8181607511643,1.0,1.0,10.0,76089.4366253357,3.3096728707684995,94.53864452202303,882.0,882.0,6406.096011462891,121.08741678725849,6404.951517816239,5504.5906482229575,901.5053632399331,4.012743916046091,901.6060148084789,0.022675736961451247,0.005668934240362812,11.807333956650751,11.539837585565325,11.785825893947713,11.516066576105711,5.551287844359261,0.2552349010002217,150000.0,2900.0
0,42,8,known,2,100.0,300.0,150.0,100.02351487957318,58.30197003562272,81.2747428099871,91.62440019653903,51.10682639579472,76.0468474502766,1.0,1.0,6.0,76089.23359681529,3.3059883873559195,64.72307011703569,882.0,882.0,6090.161145982355,125.2463587555978,6088.8731415305065,5718.68635199084,371.47479399151507,9.164008563054054,371.3650759113525,0.017006802721088437,0.003401360544217687,11.648819180243699,11.527039156876626,11.627119331922358,11.503104461478149,5.283369877640417,0.24552902299910784,150000.0,2900.0
0,43,8,known,2,100.0,300.0,150.0,90.17303262139889,70.45420842429475,56.27948407231452,68.93289016964108,42.543277296248455,54.238481763728515,1.0,1.0,9.0,76156.04051312742,3.301091208894449,67.75848486178847,882.0,882.0,6257.22716640106,117.19040865267941,6256.12965179489,6238.765317210437,18.46184919062216,2.7030262409028722,18.41490018141576,0.030612244897959183,0.013605442176870748,11.709005964544794,11.55330374088442,11.687285814799019,11.531431722551302,5.4159635258771965,0.241709121997701,150000.0,2900.0
0,44,8,known,2,100.0,300.0,150.0,83.96809228199209,33.682120384772226,76.91654755553482,77.83613852720666,27.453735669607266,72.83376180460431,1.0,1.0,4.0,75961.05118813954,3.3319378456749225,93.79898937413135,882.0,882.0,5999.078522298985,121.61241898436319,5997.845741285594,5775.911609095122,223.16691320386326,3.3773490494611877,223.1444170336381,0.024943310657596373,0.012471655328798186,11.556726907338145,11.546084722309345,11.534810441754967,11.524059822957247,5.195768666678468,0.23930158800067147,150000.0,2900.0
0,45,8,known,2,100.0,300.0,150.0,77.83380091272652,41.88076284535189,65.60565728664974,73.3860770610568,38.49949718146581,62.47643574329183,1.0,1.0,9.0,76092.58440952528,3.3162821819730914,71.30579326015355,882.0,882.0,6125.740939397433,121.29238653360983,6124.540000161541,5932.562476561499,193.17846283593371,3.568591563110189,193.14567450730647,0.026077097505668934,0.007936507936507936,11.495309764332902,11.533726276539712,11.471918812199721,11.508159334203828,5.311155122397482,0.30745748699700925,150000.0,2900.0
0,46,8,known,2,100.0,300.0,150.0,178.92081058355785,101.6344693803749,147.2517948741102,128.35510539086994,49.94489588057325,118.2393354826558,1.0,1.0,7.0,75890.85438637392,3.34593767559578,90.5148738264686,882.0,882.0,6386.701117519504,124.87935876625126,6385.480115878445,5857.134309792404,529.5668077271002,13.034030983129128,529.4137786858382,0.013605442176870748,0.003401360544217687,10.913562493017423,11.540667040209469,10.890450783790923,11.516899263141873,5.534083164575539,0.23996321799859288,150000.0,2900.0
0,47,8,known,2,100.0,300.0,150.0,122.26393466868831,53.033974755877466,110.1629122811404,114.33374977932607,50.18185231827794,102.7326045445558,1.0,1.0,13.0,76084.3926567531,3.3141088746550995,84.57054519947559,882.0,882.0,6285.533991329254,125.55258351924958,6284.279919364436,5646.197170014872,639.3368213143813,7.13024111805268,639.3247706051325,0.02947845804988662,0.007936507936507936,11.987190354115961,11.566130529773716,11.965902185186213,11.544281190551846,5.434431139393536,0.27929646000120556,150000.0,2900.0
0,48,8,known,2,100.0,300.0,150.0,139.738936827741,50.887667569170524,130.1438271879115,75.99214911736418,50.73255217070636,56.577512120296255,1.0,1.0,4.0,76112.04647617032,3.311888312709267,82.16011132127726,882.0,882.0,5962.329889724498,118.34884416574134,5961.155195512592,6182.55662072573,-220.2267310012321,2.9025093080726805,-220.32347162260157,0.027210884353741496,0.006802721088435374,11.05271376601875,11.566420410357289,11.029632002612809,11.544477749994796,5.154861813932907,0.32162495800002944,150000.0,2900.0
0,49,8,known,2,100.0,300.0,150.0,104.77201704390959,55.710410254725474,88.73288987010093,84.49431023322532,53.15051418898902,65.68341726215684,1.0,1.0,5.0,75968.22614397097,3.327209834092696,65.82047123321657,882.0,882.0,6191.160245266889,121.64290819722768,6189.965119890297,6225.083071605662,-33.92282633877221,2.394609266637147,-33.9756808880602,0.01927437641723356,0.0022675736961451248,12.111895721455717,11.58978669376653,12.090787655919968,11.567912294183655,5.341910432740538,0.2624926059979771,150000.0,2900.0
0,50,8,known,2,100.0,300.0,150.0,156.72641009264493,71.23372962550435,139.6027341572093,119.26721479095548,41.27234084986556,111.89844683803447,1.0,1.0,9.0,76026.38299454217,3.3157302059600626,77.87471485536338,882.0,882.0,6308.254429332175,120.65119509341764,6307.100541002303,5480.143405194522,828.1110241376537,11.498425885532484,828.0442888297384,0.024943310657596373,0.0022675736961451248,10.989612994269251,11.482154842657568,10.966728280245505,11.46014915683247,5.493963908147503,0.26241740999830654,150000.0,2900.0
0,51,8,known,2,100.0,300.0,150.0,123.37238780470143,58.458358806694626,108.64329872689521,88.16315289058066,43.55268117983825,76.65445511942058,1.0,1.0,7.0,76108.22524077735,3.3141081776983055,58.60069101758252,882.0,882.0,6164.867551773586,124.64818554741439,6163.607284760327,5938.823353721562,226.0441980520236,5.660375219509945,225.9760459832005,0.022675736961451247,0.003401360544217687,11.060016491900381,11.563117074689025,11.037302323683484,11.539965151087998,5.3314928076514185,0.2538084080006229,150000.0,2900.0
0,52,8,known,2,100.0,300.0,150.0,170.59870546712082,160.68806390816908,57.29977682767712,97.40033445552095,92.36631765190661,30.907741998962454,1.0,1.0,10.0,76026.01876919802,3.321590887754272,97.67643930990805,882.0,882.0,7420.5100357647125,140.87976948197718,7419.172600865647,6293.6492089451895,1126.860826819523,22.609568333723672,1126.6347563408508,0.01927437641723356,0.0022675736961451248,11.943226570556469,11.556632838867415,11.921641614055353,11.534532750518741,6.420996616599221,0.2964919740006735,150000.0,2900.0
0,53,8,known,2,100.0,300.0,150.0,128.21172921267046,95.5807310732601,85.45508384645271,108.77132368875255,81.76604325521164,71.732245380932,1.0,1.0,5.0,75929.16432061425,3.3443659767321754,75.38777161600026,882.0,882.0,6163.329265062288,120.5103091676228,6162.150995793398,6141.310959261101,22.018305801187125,3.439432886936345,21.95599007351666,0.023809523809523808,0.006802721088435374,11.678312650930533,11.597128094648676,11.656637411258925,11.574178421763465,5.314530644794952,0.2751376009982778,150000.0,2900.0
0,54,8,known,2,100.0,300.0,150.0,116.45141278655261,38.47702385920861,109.91110123605331,75.9973867436774,28.87752065275917,70.29716632139265,1.0,1.0,14.0,75979.94511124303,3.321525503052657,81.11883056758424,882.0,882.0,6088.83020693795,122.18932705753208,6087.604048989491,6278.666666935509,-189.83645999755936,0.5092665883430953,-189.88343227013138,0.022675736961451247,0.005668934240362812,12.049836780358463,11.537941495530164,12.028379850869062,11.514038189784237,5.27722402587739,0.24881033999918145,150000.0,2900.0
0,55,8,known,2,100.0,300.0,150.0,145.99159406990734,57.65620780234134,134.1242231698877,117.58835528403095,55.158546880974335,103.8487169125495,1.0,1.0,6.0,76055.37974069282,3.3135674794039236,80.44517707102021,882.0,882.0,6193.720089864675,115.58424293280933,6192.641507012894,6934.946900736124,-741.2268108714488,-6.112853811716533,-741.2375179394112,0.01927437641723356,0.007936507936507936,11.440954301143943,11.528410598579592,11.418506912732319,11.504523214369982,5.372570691251923,0.31303830700198887,150000.0,2900.0
0,56,8,known,2,100.0,300.0,150.0,104.6626495170765,72.02634330649286,75.9373167410439,80.79881777589677,39.64228003331803,70.40552952533321,1.0,1.0,14.0,75941.76325472585,3.333402184666489,61.0467146400943,882.0,882.0,6414.200317477626,124.81613225459084,6412.985782446354,5875.693060421606,538.5072570560205,8.385085881903592,538.4464173788956,0.01473922902494331,0.003401360544217687,11.437277357627085,11.573542765546362,11.415209902946591,11.549738179100729,5.542123485794045,0.2624494150004466,150000.0,2900.0
0,57,8,known,2,100.0,300.0,150.0,125.24499111243941,67.91723493971784,105.23096976127415,119.37359763230023,65.70543744775281,99.66369098863316,1.0,1.0,8.0,76116.65680881402,3.318012656360624,81.88005854364097,882.0,882.0,6248.562922554927,125.57836934914872,6247.300910815789,5910.326172459303,338.2367500956243,5.115387029349151,338.2024910271957,0.02834467120181406,0.003401360544217687,11.371085002368634,11.619093590816863,11.34848825144636,11.597288334101613,5.377840253815902,0.2633503750003001,150000.0,2900.0
0,58,8,known,2,100.0,300.0,150.0,190.89986124289922,131.5027874969661,138.3827081072124,137.34256228849912,78.15423612190054,112.93757033057017,1.0,1.0,8.0,76051.91478413442,3.3160584300289435,75.75448219669704,882.0,882.0,6619.69621233239,133.83438529622308,6618.343168866371,5074.010090623895,1545.6861217084952,21.484704318370504,1545.577064566146,0.02947845804988662,0.005668934240362812,11.403596057307457,11.573675700535599,11.3814104778606,11.549422531112869,5.719614393572518,0.290162943998439,150000.0,2900.0
0,59,8,known,2,100.0,300.0,150.0,127.5954184960263,51.21941709729375,116.86386153721578,77.98752843379475,40.19656705014963,66.8303118995772,1.0,1.0,6.0,76036.95609597159,3.3198693587941843,76.74933319794913,882.0,882.0,6201.181095189671,121.76551785207569,6199.985494660451,5544.91374664522,656.2673485444511,3.8245824029832107,656.326198358006,0.013605442176870748,0.005668934240362812,11.961083390112051,11.570310337881011,11.939673726781773,11.548359204381192,5.359563325529052,0.25758170200060704,150000.0,2900.0
0,60,8,known,2,100.0,300.0,150.0,173.5827740361447,50.6569364697151,166.02666722423396,158.5750101524197,43.23253681776943,152.5679573342326,1.0,1.0,5.0,76051.38476027167,3.318819279304826,66.30071196363302,882.0,882.0,6304.3982090631835,121.01126909267244,6303.236712292476,6099.558792557286,204.83941650589713,0.09253765685710391,204.87659466652167,0.024943310657596373,0.009070294784580499,11.320928453964708,11.572184261145203,11.298096531746973,11.55025213490043,5.447889583154018,0.24539646500124945,150000.0,2900.0
0,61,8,known,2,100.0,300.0,150.0,149.86237505963584,83.21032104394752,124.63857320379654,140.8254566006664,79.20519893652397,116.440309550481,1.0,1.0,6.0,76094.37876650323,3.3115437677833564,63.233798050816695,882.0,882.0,6628.158510777191,125.27053423941706,6626.974614199114,6056.306808750512,571.851702026679,4.26667642080551,571.8767431394863,0.02040816326530612,0.007936507936507936,11.943844615598405,11.53121637182296,11.922218742316181,11.505661425814711,5.748013303239535,0.2334984090011858,150000.0,2900.0
0,62,8,known,2,100.0,300.0,150.0,131.73489158341513,56.00275309136786,119.23830469560285,121.23294977275344,52.24311991911512,109.3987409969599,1.0,1.0,5.0,76102.73790132943,3.318360959048225,70.82861582710278,882.0,882.0,6001.075282707837,119.06122385037939,5999.894080206933,5846.755934732628,154.31934797520898,-0.1013373712462311,154.3525959358385,0.027210884353741496,0.005668934240362812,11.954842033421386,11.555523470630682,11.931884155118416,11.53356946169155,5.193252644901865,0.25102282900115824,150000.0,2900.0
0,63,8,known,2,100.0,300.0,150.0,153.87038438252097,70.43417230513357,136.80322569923382,105.68447816832551,49.12658124372553,93.5723674009315,1.0,1.0,5.0,76087.56869044174,3.3111057507743746,83.55847756125372,882.0,882.0,6185.421622891979,121.8779504986485,6184.220760784812,5402.652620885014,782.7690020069649,6.615136167074155,782.7978162647232,0.02834467120181406,0.0045351473922902496,11.58339744765637,11.538753712009035,11.561591060901709,11.514878523072076,5.3605630012316325,0.2866154790026485,150000.0,2900.0
0,64,8,known,2,100.0,300.0,150.0,106.52198686734721,75.54306387642175,75.10112639854447,63.3803667080444,41.60685051217591,47.81151403693079,1.0,1.0,11.0,76010.1449389167,3.322147572440629,63.012954480700856,882.0,882.0,6218.9332761729875,125.44374261433266,6217.667968051253,6274.5203315725,-55.58705539951279,1.7855979453975266,-55.63371882573847,0.01927437641723356,0.006802721088435374,11.947665628271583,11.548505948471941,11.926285267166513,11.52464872126933,5.385054399176073,0.2394277780003904,150000.0,2900.0
0,65,8,known,2,100.0,300.0,150.0,127.60689711230954,102.03397187194581,76.63281786980383,89.61687357664246,53.61639608693638,71.80853779531144,1.0,1.0,5.0,76011.37624240096,3.3205992376437026,77.21541000345741,882.0,882.0,6370.936926911758,128.67221351963636,6369.637414182677,5967.995077854375,402.94184905738257,13.63951079450473,402.7510631116429,0.01473922902494331,0.0022675736961451248,11.377036161056896,11.614833512163948,11.354676474060714,11.59196627289753,5.485172835443247,0.239857676999236,150000.0,2900.0
0,66,8,known,2,100.0,300.0,150.0,100.56745869265661,56.664974209189154,83.08365931861165,73.2777360248232,46.86252846249349,56.334092901418586,1.0,1.0,11.0,76065.10291003816,3.320108420762242,81.20148906730078,882.0,882.0,6398.279414984234,121.15015731886338,6397.132335007037,6243.736752421635,154.5426625625987,3.9439322043498635,154.49576586935655,0.01927437641723356,0.003401360544217687,11.37497757737244,11.577748961173434,11.351614826891083,11.555818011452063,5.526358739027066,0.28581390200270107,150000.0,2900.0
0,67,8,known,2,100.0,300.0,150.0,120.24389268130483,52.79336716090265,108.03450426121869,73.53020067651158,35.698869864043104,64.28282120409916,1.0,1.0,9.0,75982.6055903536,3.3265180162391625,77.00627673227832,882.0,882.0,5984.203711597749,119.54704264001803,5983.009490757665,6433.260156338183,-449.056444740434,1.8009430214385844,-449.17303892485324,0.023809523809523808,0.006802721088435374,11.237061338854257,11.54556156785495,11.214273887311526,11.52170568307152,5.183120523352382,0.3089061060018139,150000.0,2900.0
0,68,8,known,2,100.0,300.0,150.0,72.8096198398167,54.071215406663015,48.760069787325754,48.54732535008359,42.29183887100934,23.837851487821883,1.0,1.0,10.0,76051.63292122664,3.3119415063144615,105.08034431163263,882.0,882.0,6078.745830540897,119.1889275194342,6077.577220560436,5972.594959800736,106.15087074016083,3.5013903614638338,106.10278390884196,0.021541950113378686,0.009070294784580499,11.331522734319645,11.515407726573578,11.305115705316975,11.493095782177033,5.278793400005503,0.2610039160026645,150000.0,2900.0
0,69,8,known,2,100.0,300.0,150.0,97.5287100823538,64.24781319942262,73.3762072433559,70.80749428811251,47.75946904297281,52.27556182476097,1.0,1.0,7.0,76060.81741686599,3.317197223140526,87.25367376881019,882.0,882.0,6122.250949350501,119.15663180710192,6121.091273941233,6452.968047582702,-330.71709823220044,-1.840278021488345,-330.7422926454965,0.021541950113378686,0.0045351473922902496,11.761461220221868,11.604094242336817,11.739805703692433,11.582166617909557,5.275940389223874,0.23512661400309298,150000.0,2900.0
0,70,8,known,2,100.0,300.0,150.0,149.9974896249223,47.98318269863734,142.11566089593316,89.7016708802672,46.559242674022165,76.67220278779847,1.0,1.0,8.0,75930.13727974548,3.334385174767488,102.82853245030675,882.0,882.0,6161.974108525769,117.64624563890817,6160.850937575833,6226.285263896511,-64.3111553707422,3.03852501511291,-64.37944031286588,0.026077097505668934,0.009070294784580499,11.022340095482438,11.545906724543348,10.999454100601481,11.522053410176277,5.336933906998526,0.26670792900040396,150000.0,2900.0
0,71,8,known,2,100.0,300.0,150.0,129.55433390692218,62.284397135909884,113.60008498008509,96.39158454665284,41.041197975218005,87.21787454514975,1.0,1.0,5.0,76085.06416232797,3.3194975323039424,84.81648330600524,882.0,882.0,6349.018918879789,124.47661255193472,6347.798579446349,6088.763650529226,260.2552683505637,4.90217238140724,260.2091759744053,0.01927437641723356,0.0022675736961451248,11.895030625925955,11.56058978177661,11.872989314107372,11.538636431436657,5.491950703836915,0.3069257930001186,150000.0,2900.0
0,72,8,known,2,100.0,300.0,150.0,91.04268259271511,63.88437863669365,64.86567828891818,54.95634004751708,40.93481134862957,36.667976918156214,1.0,1.0,12.0,76020.32461971689,3.31916292873769,85.11930366103938,882.0,882.0,6293.2887847635775,122.1897279851065,6292.102462516481,6054.459703594823,238.82908116875478,4.178594583903532,238.792981344478,0.030612244897959183,0.011337868480725623,11.271959876454833,11.522173194818805,11.249504599017945,11.498232923385626,5.461893931253776,0.29829630999665824,150000.0,2900.0
0,73,8,known,2,100.0,300.0,150.0,81.7637276144104,65.81917230547602,48.50921263456619,72.40343425243042,58.529015075292534,42.62172786105924,1.0,1.0,6.0,75912.44905302685,3.331167181750105,71.42405102331361,882.0,882.0,6044.873567339878,118.70811273130609,6043.707870926266,6005.861926545836,39.01164079404225,1.345249603427746,38.992770349779676,0.021541950113378686,0.0045351473922902496,11.566953267350758,11.494096117061396,11.545033427430234,11.470098540213641,5.259111726381946,0.26022323000142933,150000.0,2900.0
0,74,8,known,2,100.0,300.0,150.0,108.59609370223939,29.793441456586354,104.42922202888671,92.24529030028489,28.773548846393524,87.64289172185066,1.0,1.0,11.0,75960.34448984858,3.320563323680494,74.96538415056102,882.0,882.0,5629.968393167741,118.32945257686079,5628.724744444395,5345.400133437203,284.56825973053765,3.8798974904387507,284.5499825292309,0.012471655328798186,0.003401360544217687,11.356371816979383,11.55658598803162,11.333977752570554,11.533878984141285,4.871653617251947,0.26575151799988816,150000.0,2900.0
0,75,8,known,2,100.0,300.0,150.0,112.3170328793136,79.37215708197883,79.4680851346406,88.09606014831347,56.51640111042489,67.57819337020508,1.0,1.0,4.0,76058.46011882891,3.335254962522291,82.8024680593085,882.0,882.0,6373.8989247056115,123.78048829356896,6372.696908929622,5594.807578538865,779.0913461667469,8.362804904061278,779.0799575074998,0.01927437641723356,0.006802721088435374,11.588389872418459,11.601692946790648,11.566506489071724,11.579712840775276,5.493938646660021,0.25576980199912214,150000.0,2900.0
0,76,8,known,2,100.0,300.0,150.0,129.58210408446504,56.23429865767703,116.74427332180501,88.23176288582827,37.65128550738846,79.79489132508512,1.0,1.0,12.0,75968.761619584,3.321331663643865,95.15349635534871,882.0,882.0,6318.123750627721,117.98784682050889,6317.021972120152,5659.806108280925,658.3176423467958,4.519234355282066,658.353395739372,0.024943310657596373,0.012471655328798186,11.752816777826068,11.512160998924017,11.730867980416445,11.488201679863423,5.488216983082711,0.24316120200091973,150000.0,2900.0
0,77,8,known,2,100.0,300.0,150.0,107.82224489164999,53.43566887023006,93.64969720114459,82.14968005686995,44.64469368138463,68.95956249528727,1.0,1.0,13.0,76011.46587169074,3.3232995605938584,86.75641911525824,882.0,882.0,6345.5296079576465,122.71646891622025,6344.342887464694,5744.0690861535195,601.460521804127,9.391125306630926,601.3918139311318,0.03741496598639456,0.01473922902494331,11.382848452476637,11.581111364751486,11.359412507493078,11.559226907358884,5.479206103890023,0.2830979379978089,150000.0,2900.0
0,78,8,known,2,100.0,300.0,150.0,123.45184383197616,85.84452966177028,88.71907614861684,96.2716538861653,55.76977455457617,78.47269326402245,1.0,1.0,7.0,75989.16007689158,3.3258637671143605,84.90647264091561,882.0,882.0,6352.379413705077,122.02889002262437,6351.207221124492,5674.055035846813,678.3243778582646,7.560678390088825,678.3069418718924,0.02040816326530612,0.003401360544217687,11.454044315203635,11.573819408042539,11.430187889195265,11.552050082130533,5.488576579388191,0.3859755799967388,150000.0,2900.0
0,79,8,known,2,100.0,300.0,150.0,115.77795053475518,90.12339934400057,72.6794793646048,84.20713609258131,51.33089192703668,66.75313702658019,1.0,1.0,8.0,76072.45379738211,3.322063807932439,85.25858832557029,882.0,882.0,6375.937896367877,123.38383445024456,6374.743954680563,6088.392652611575,287.5452437563026,6.832611889690341,287.4669850582468,0.032879818594104306,0.01020408163265306,11.653476554758083,11.55698569808014,11.631381754341277,11.5348605387267,5.516955772842269,0.26954528100031894,150000.0,2900.0
0,80,8,known,2,100.0,300.0,150.0,88.54978551720136,47.26948346742817,74.87763650025886,76.25342895404083,32.90821536559536,68.78687948075961,1.0,1.0,8.0,75997.85143442923,3.335926632269036,73.38774437155784,882.0,882.0,6236.279814032682,120.2234531910049,6235.120868131936,5965.631306948642,270.6485070840399,2.260459446277011,270.6559614908938,0.021541950113378686,0.0022675736961451248,11.602769655394091,11.567776808486656,11.580810223490749,11.544133125296874,5.391078957762618,0.3030345840015798,150000.0,2900.0
0,81,8,known,2,100.0,300.0,150.0,144.45170008914155,83.92673616697526,117.56953948622163,119.38575527589317,68.22829314307914,97.96866120131232,1.0,1.0,10.0,76140.15931901074,3.3095355235741617,79.58614074838769,882.0,882.0,6183.110442451678,119.00125346543891,6181.965176643156,6195.649975809109,-12.539533357430628,2.5557299283509423,-12.590421847471589,0.02947845804988662,0.003401360544217687,12.056837399680465,11.610005258250427,12.035560553056875,11.588132362390962,5.325674110317711,0.3178654830007872,150000.0,2900.0
0,82,8,known,2,100.0,300.0,150.0,140.59301136466246,106.17078554213792,92.16376262908035,96.26221029235533,58.690332898541534,76.30110061216688,1.0,1.0,15.0,76054.17388235747,3.332893127443038,82.33335837515665,882.0,882.0,5954.966464781287,127.36374500205764,5953.604292622142,5622.820709961801,332.1457548194858,13.855268270095394,331.9294032243806,0.02040816326530612,0.005668934240362812,11.279749613567695,11.562377536436335,11.257172880433334,11.540327093035259,5.150295815904208,0.2797360709992063,150000.0,2900.0
0,83,8,known,2,100.0,300.0,150.0,159.6105170060472,80.78295779273415,137.65765822937354,142.97830689562295,71.18297185426995,123.99911596754693,1.0,1.0,10.0,76051.89588070568,3.3177668965447187,120.4368076342205,882.0,882.0,5825.268682484202,117.4606338480526,5824.084324821134,5838.965221352678,-13.696538868475727,2.747312214097775,-13.75394888993469,0.022675736961451247,0.006802721088435374,11.881908782542418,11.614908610019768,11.856551580220156,11.593043317488226,5.015337509809548,0.29121517699968535,150000.0,2900.0
0,84,8,known,2,100.0,300.0,150.0,124.24238837508796,88.30732845526848,87.39557660568138,100.12025653427717,64.15419978042596,76.86549563375408,1.0,1.0,11.0,76047.8604193975,3.3205732062591737,54.80117610388636,882.0,882.0,6025.071516504275,131.2537368712347,6023.641692161681,5872.443541973322,152.627974530953,14.819637928848223,152.35254460067517,0.026077097505668934,0.003401360544217687,11.854491936845326,11.516244615854493,11.832929964168317,11.492436101065852,5.231802308375351,0.24517561199900229,150000.0,2900.0
0,85,8,known,2,100.0,300.0,150.0,113.63077969268929,66.28096775222359,92.29727735636183,90.65956722779832,47.3585738703414,77.30667895401471,1.0,1.0,6.0,75929.66977781113,3.3306234654529554,66.54143184331647,882.0,882.0,6092.852139201832,122.06855803753636,6091.629212067571,5788.4266639161315,304.4254752857005,6.2524068613861346,304.3613020203802,0.034013605442176874,0.003401360544217687,11.728923712593359,11.592501821839559,11.707308887311333,11.57060558302987,5.255856098054067,0.2682834060033201,150000.0,2900.0
0,86,8,known,2,100.0,300.0,150.0,152.19587337412185,55.952027767313986,141.53781989573477,138.0964410428357,38.61555828585575,132.5875774232604,1.0,1.0,8.0,75985.34541116125,3.322429259203437,70.56721202318963,882.0,882.0,6288.373144900798,118.42925283718755,6287.257853912307,6008.494105985254,279.8790389155447,3.8347801166805198,279.8566247216477,0.03741496598639456,0.01020408163265306,11.206302403124518,11.530257488476815,11.183706807768235,11.50823836947139,5.453801141202018,0.26521089499874506,150000.0,2900.0
0,87,8,known,2,100.0,300.0,150.0,191.11202099188432,58.33335137910594,181.99182587271383,129.88611377651196,45.82042118076974,121.53555675102606,1.0,1.0,9.0,76101.11513633633,3.3182743701000907,90.04974620965402,882.0,882.0,5905.261090917257,121.23897749546285,5904.016400911936,6588.4264166524645,-683.1653257352073,-1.2734727342621284,-683.2708516058046,0.01927437641723356,0.0022675736961451248,12.508325979843246,11.55528136502094,12.486053191267132,11.533274099997056,5.110443358647335,0.22755175200290978,150000.0,2900.0
0,88,8,known,2,100.0,300.0,150.0,132.26101246642781,67.47869746406057,113.75236616087754,87.3142916648943,64.1216925420753,59.263766961625,1.0,1.0,8.0,75971.35372597033,3.3196023992444887,89.50581438995582,882.0,882.0,6103.576796220805,122.53354882428754,6102.346699162344,5866.404342746382,237.17245347442258,0.24743879408094926,237.21703138113753,0.017006802721088437,0.0045351473922902496,12.006759855914376,11.51644279819472,11.985336430416842,11.492491174246661,5.299880269606845,0.3014757239980099,150000.0,2900.0
0,89,8,known,2,100.0,300.0,150.0,138.8152435489727,95.38692334901836,100.85140899149154,100.74726676764158,49.87645692372481,87.5348548058781,1.0,1.0,10.0,76055.74649181592,3.3154785929433515,52.495262083179625,882.0,882.0,6556.670025196531,129.75998760576897,6555.385889856312,5632.077537990944,924.5924872055875,12.340007487341325,924.5324960792086,0.031746031746031744,0.006802721088435374,11.897364570856638,11.561078197970497,11.87594284518724,11.537936513763277,5.6713309199374935,0.28309527400051593,150000.0,2900.0
0,90,8,known,2,100.0,300.0,150.0,136.0964923133948,45.7507085567376,128.17615958736786,125.34005654497139,41.87751754499679,118.13722232626391,1.0,1.0,5.0,75973.46717933749,3.3269332129135654,78.50354350180422,882.0,882.0,5715.878922987385,117.78661416618945,5714.66518492332,5633.573222331117,82.30570065626762,0.7309968316864115,82.30819749641887,0.026077097505668934,0.0045351473922902496,11.754716995382733,11.601703432831506,11.732717407506001,11.579720438304374,4.926758347237264,0.28169644700028584,150000.0,2900.0
0,91,8,known,2,100.0,300.0,150.0,117.93297847777832,67.4316806060029,96.75306642835739,58.10721153982566,51.00288488304105,27.841583405785506,1.0,1.0,12.0,76094.96274350122,3.3208374212209986,83.98502266228425,882.0,882.0,5763.918796904866,123.71603940012758,5762.590931075048,5940.441019997601,-176.52222309273475,9.630425865466293,-176.75448612831315,0.018140589569160998,0.006802721088435374,11.1926913339549,11.589395011798679,11.170104652281236,11.567493741826272,4.973442350560026,0.2606969840016973,150000.0,2900.0
0,92,8,known,2,100.0,300.0,150.0,141.81827780715275,113.6573266360043,84.82002135193896,106.51929487907526,73.10653245725764,77.47125333703671,1.0,1.0,12.0,76013.3331147853,3.3229770322544914,77.72074358495622,882.0,882.0,6719.205950833242,133.86264837025533,6717.872386483994,6427.705799942963,291.50015089027966,9.253142746675664,291.3745593834001,0.022675736961451247,0.003401360544217687,11.384089734445649,11.534851019992239,11.361815968934163,11.509295542017611,5.825134576239861,0.27604681400043773,150000.0,2900.0
0,93,8,known,2,100.0,300.0,150.0,116.00527199864273,62.23868170448169,97.89570793026269,68.72946042476177,57.17487456662789,38.14147937048667,1.0,1.0,15.0,76134.15790116182,3.3032468114662397,95.2474302394651,882.0,882.0,6044.809981891343,119.0283657266153,6043.637974376499,5621.471109051365,423.33887283997865,2.880118449813125,423.3668942101958,0.031746031746031744,0.006802721088435374,11.85240542960845,11.517230419209124,11.830783626878253,11.493413829746611,5.248492703427595,0.24959463600316667,150000.0,2900.0
0,94,8,known,2,100.0,300.0,150.0,147.5695045596233,48.591079975461994,139.34010773209178,51.52012428464714,36.24833473303366,36.61122007510039,1.0,1.0,11.0,76123.06548112367,3.3117167727508443,77.71142779529836,882.0,882.0,6301.291454716994,118.81526136295892,6300.171182670885,6534.118665071035,-232.8272103540412,3.323919263473911,-232.92674091251592,0.011337868480725623,0.0011337868480725624,11.120675193607404,11.503059840510375,11.094967076021579,11.480725908059767,5.477926344889304,0.2682056250014284,150000.0,2900.0
0,95,8,known,2,100.0,300.0,150.0,122.2164645554437,95.60946454185255,76.12945880835004,72.15764223345998,56.69515251563945,44.636140222026235,1.0,1.0,14.0,75926.97860766653,3.335625364936046,78.35476007037956,882.0,882.0,6088.146551036494,125.02182751794156,6086.862736216551,6090.350773518434,-2.2042224819397234,6.764080066072339,-2.33981006684553,0.02834467120181406,0.005668934240362812,11.981256634752512,11.601151045128004,11.959857072852103,11.578003830156327,5.247881462239266,0.314310599998862,150000.0,2900.0
0,96,8,known,2,100.0,300.0,150.0,80.68142645303608,51.3252207461791,62.25121918366464,71.64493214885067,39.022090034513646,60.085545615827826,1.0,1.0,5.0,75942.59035435577,3.327218674770275,105.77957950181023,882.0,882.0,6151.577511676089,119.25975924724753,6150.421367027081,6062.610248129606,88.96726354648308,2.8294055296901774,88.92922453779738,0.02040816326530612,0.0011337868480725624,11.600342981340475,11.546592491240288,11.578441319129144,11.524557242271257,5.3276129008128805,0.28958655899987207,150000.0,2900.0
0,97,8,known,2,100.0,300.0,150.0,122.5210377724927,81.84021873803873,91.17885332553023,69.09458533500926,52.70592431669033,44.678263893533135,1.0,1.0,8.0,76042.65232651116,3.3257516907080813,71.96411224171003,882.0,882.0,6256.934260980763,128.79542778805018,6255.608530272318,5973.8736222778525,283.0606387029102,8.771211788945251,282.9407643137156,0.032879818594104306,0.009070294784580499,11.991951231642005,11.520886134859946,11.970510046734054,11.495352439608487,5.430948789649526,0.30483526199896005,150000.0,2900.0
0,98,8,known,2,100.0,300.0,150.0,117.46442175894596,66.93003506592656,96.531138940952,91.40300268290453,56.27236363772442,72.02728642726147,1.0,1.0,9.0,75981.06060628004,3.3284499493057353,91.42771029769577,882.0,882.0,6298.451328848734,119.00138233647878,6297.327037154605,6104.600099501225,193.85122934750962,0.09854229929756286,193.88501732174245,0.015873015873015872,0.0022675736961451248,11.927374933659502,11.550129910634183,11.9060512004919,11.525482664262459,5.4531432785442195,0.28171364800073206,150000.0,2900.0
0,99,8,known,2,100.0,300.0,150.0,121.8760531647712,64.42892641633436,103.4537857009627,95.06345429525047,59.49426929014526,74.1450757918343,1.0,1.0,6.0,76047.44202037118,3.3174867386164926,88.49085574476346,882.0,882.0,5828.780362201127,115.55468391939175,5827.63482261936,5281.257245144875,547.523117056252,5.990935668272854,547.5141919458147,0.04081632653061224,0.011337868480725623,11.287168246302077,11.553589691038658,11.264717415264624,11.531630566761118,5.044995121059319,0.2736729969983571,150000.0,2900.0
